[
  {
    "filename": "2047836_default.jpg",
    "description": "2047836_default.jpg",
    "order": 0,
    "id": "img_1745027962239_0"
  },
  {
    "filename": "index.jpg",
    "description": "index.jpg",
    "order": 1,
    "id": "img_1745027962239_1"
  },
  {
    "filename": "adidas-ultraboost-parley.jpg",
    "description": "adidas-ultraboost-parley.jpg",
    "order": 2,
    "id": "img_1745027962239_2"
  },
  {
    "filename": "1252a921686a44569c26f71498f6af8a.jpg",
    "description": "1252a921686a44569c26f71498f6af8a.jpg",
    "order": 3,
    "id": "img_1745027962239_3"
  },
  {
    "filename": "61I6uZlVUdL._AC_UX500_.jpg",
    "description": "61I6uZlVUdL._AC_UX500_.jpg",
    "order": 4,
    "id": "img_1745027962239_4"
  },
  {
    "filename": "803e75db28184b4a8171ba984767ec1e.jpg",
    "description": "803e75db28184b4a8171ba984767ec1e.jpg",
    "order": 5,
    "id": "img_1745027962239_5"
  },
  {
    "filename": "52f50cd7-4367-458a-96db-3824acbbcc8e.jpg",
    "description": "52f50cd7-4367-458a-96db-3824acbbcc8e.jpg",
    "order": 6,
    "id": "img_1745027962239_6"
  },
  {
    "filename": "columbia-sister-brook-down-jacket.jpg",
    "description": "columbia-sister-brook-down-jacket.jpg",
    "order": 7,
    "id": "img_1745027962239_7"
  },
  {
    "filename": "images.jpg",
    "description": "images.jpg",
    "order": 8,
    "id": "img_1745027962239_8"
  },
  {
    "filename": "Thermal Mid Jacket, fleecejacka herr, storlek S.PNG",
    "description": "Thermal Mid Jacket, fleecejacka herr, storlek S.PNG",
    "order": 9,
    "id": "img_1745027962239_9"
  },
  {
    "filename": "Cavan Softshell vandringsbyxa herr, storlek S.PNG",
    "description": "Cavan Softshell vandringsbyxa herr, storlek S.PNG",
    "order": 10,
    "id": "img_1745027962239_10"
  },
  {
    "filename": "Gore Bike Wear Tights - black neon yellow S.PNG",
    "description": "Gore Bike Wear Tights - black neon yellow S.PNG",
    "order": 11,
    "id": "img_1745027962239_11"
  },
  {
    "filename": "C7 BIB short + 18, cykelshorts herr, storlek- M.JPG",
    "description": "C7 BIB short + 18, cykelshorts herr, storlek- M.JPG",
    "order": 12,
    "id": "img_1745027962239_12"
  },
  {
    "filename": "Bontrager-foray-1.png",
    "description": "Bontrager-foray-1.png",
    "order": 13,
    "id": "img_1745027962239_13"
  },
  {
    "filename": "GORE WEAR Herr hängselbyxor C3 Gws hängselbyxor.jpg",
    "description": "GORE WEAR Herr hängselbyxor C3 Gws hängselbyxor.jpg",
    "order": 14,
    "id": "img_1745027962239_14"
  },
  {
    "filename": "Deuter Kid AirComfort.webp",
    "description": "Deuter Kid AirComfort.webp",
    "order": 15,
    "id": "img_1745027962239_15"
  },
  {
    "filename": "Dæhlie - Hat Polyknit, träningsmössa unisex.png",
    "description": "Dæhlie - Hat Polyknit, träningsmössa unisex.png",
    "order": 16,
    "id": "img_1745027962239_16"
  },
  {
    "filename": "eugoods_69_435221.webp",
    "description": "eugoods_69_435221.webp",
    "order": 17,
    "id": "img_1745027962239_17"
  },
  {
    "filename": "eugoods_09_435221.webp",
    "description": "eugoods_09_435221.webp",
    "order": 18,
    "id": "img_1745027962239_18"
  },
  {
    "filename": "eugoods_32_435221.webp",
    "description": "eugoods_32_435221.webp",
    "order": 19,
    "id": "img_1745027962239_19"
  },
  {
    "filename": "eugoods_05_426179.webp",
    "description": "eugoods_05_426179.webp",
    "order": 20,
    "id": "img_1745027962239_20"
  },
  {
    "filename": "b19da21d297542f89237bca30aee153f.webp",
    "description": "b19da21d297542f89237bca30aee153f.webp",
    "order": 21,
    "id": "img_1745027962239_21"
  },
  {
    "filename": "Screenshot 2022-02-18 at 14.14.43.png",
    "description": "Screenshot 2022-02-18 at 14.14.43.png",
    "order": 22,
    "id": "img_1745027962239_22"
  },
  {
    "filename": "MEN HEATTECH STRETCH SLIM-FIT FLAT-FRONT PANTS_401756.jpeg",
    "description": "MEN HEATTECH STRETCH SLIM-FIT FLAT-FRONT PANTS_401756.jpeg",
    "order": 23,
    "id": "img_1745027962239_23"
  },
  {
    "filename": "Unisex Uniqlo U Crew Neck Short Sleeved T-Shirt 445000.png",
    "description": "Unisex Uniqlo U Crew Neck Short Sleeved T-Shirt 445000.png",
    "order": 24,
    "id": "img_1745027962239_24"
  },
  {
    "filename": "MEN AIRism Crew Neck T-Shirt 423524.jpeg",
    "description": "MEN AIRism Crew Neck T-Shirt 423524.jpeg",
    "order": 25,
    "id": "img_1745027962239_25"
  },
  {
    "filename": "Men Cotton SKINNY FIT CHINOS.jpeg",
    "description": "Men Cotton SKINNY FIT CHINOS.jpeg",
    "order": 26,
    "id": "img_1745027962239_26"
  },
  {
    "filename": "goods_45_444454.jpg",
    "description": "goods_45_444454.jpg",
    "order": 27,
    "id": "img_1745027962239_27"
  },
  {
    "filename": "goods_46_444454.jpg",
    "description": "goods_46_444454.jpg",
    "order": 28,
    "id": "img_1745027962239_28"
  },
  {
    "filename": "goods_63_444454.jpg",
    "description": "goods_63_444454.jpg",
    "order": 29,
    "id": "img_1745027962239_29"
  },
  {
    "filename": "goods_23_444454.jpg",
    "description": "goods_23_444454.jpg",
    "order": 30,
    "id": "img_1745027962239_30"
  },
  {
    "filename": "tretorn-granna-junior.jpeg",
    "description": "tretorn-granna-junior.jpeg",
    "order": 31,
    "id": "img_1745027962239_31"
  },
  {
    "filename": "adify8064_ccblackcblackftwwht.jpg",
    "description": "adify8064_ccblackcblackftwwht.jpg",
    "order": 32,
    "id": "img_1745027962239_32"
  },
  {
    "filename": "Atran Velo Frontlad Cargo City.png",
    "description": "Atran Velo Frontlad Cargo City.png",
    "order": 33,
    "id": "img_1745027962239_33"
  },
  {
    "filename": "yepp-barnaYepp Barnbaksäte Maxi Easyfit - Ocean Blå .jpg",
    "description": "yepp-barnaYepp Barnbaksäte Maxi Easyfit - Ocean Blå .jpg",
    "order": 34,
    "id": "img_1745027962239_34"
  },
  {
    "filename": "Dyson V6 Fluffy+.jpg",
    "description": "Dyson V6 Fluffy+.jpg",
    "order": 35,
    "id": "img_1745027962239_35"
  },
  {
    "filename": "trofast-frame-light-white-stained-pine__0642664_pe701346_s5.jpg.webp",
    "description": "trofast-frame-light-white-stained-pine__0642664_pe701346_s5.jpg.webp",
    "order": 36,
    "id": "img_1745027962239_36"
  },
  {
    "filename": "janinge-chair-white__0728156_pe736116_s5.jpg.webp",
    "description": "janinge-chair-white__0728156_pe736116_s5.jpg.webp",
    "order": 37,
    "id": "img_1745027962239_37"
  },
  {
    "filename": "poaeng-armchair-frame-birch-veneer__65988_pe177918_s5.jpg.webp",
    "description": "poaeng-armchair-frame-birch-veneer__65988_pe177918_s5.jpg.webp",
    "order": 38,
    "id": "img_1745027962239_38"
  },
  {
    "filename": "poaeng-chair-cushion-knisa-light-beige__0571500_pe666933_s5.jpg.webp",
    "description": "poaeng-chair-cushion-knisa-light-beige__0571500_pe666933_s5.jpg.webp",
    "order": 39,
    "id": "img_1745027962239_39"
  },
  {
    "filename": "lundtrav-pillow-low__0789285_pe763912_s5.jpg.webp",
    "description": "lundtrav-pillow-low__0789285_pe763912_s5.jpg.webp",
    "order": 40,
    "id": "img_1745027962239_40"
  },
  {
    "filename": "fixa-screwdriver-lithium-ion__0711972_pe728600_s5.jpg.webp",
    "description": "fixa-screwdriver-lithium-ion__0711972_pe728600_s5.jpg.webp",
    "order": 41,
    "id": "img_1745027962239_41"
  },
  {
    "filename": "vattentaet-kettle-stainless-steel-black__0713344_pe729450_s5.jpg.webp",
    "description": "vattentaet-kettle-stainless-steel-black__0713344_pe729450_s5.jpg.webp",
    "order": 42,
    "id": "img_1745027962239_42"
  },
  {
    "filename": "lack-side-table-black-brown__57544_pe163126_s5.jpg.webp",
    "description": "lack-side-table-black-brown__57544_pe163126_s5.jpg.webp",
    "order": 43,
    "id": "img_1745027962239_43"
  },
  {
    "filename": "salviken-bath-sheet-natural__1034894_pe837885_s5.jpg.webp",
    "description": "salviken-bath-sheet-natural__1034894_pe837885_s5.jpg.webp",
    "order": 44,
    "id": "img_1745027962239_44"
  },
  {
    "filename": "ikea-365-food-container-square-plastic__0783560_pe761532_s5.jpg.webp",
    "description": "ikea-365-food-container-square-plastic__0783560_pe761532_s5.jpg.webp",
    "order": 45,
    "id": "img_1745027962239_45"
  },
  {
    "filename": "trolldom-baby-towel-with-hood-deer-brown__1008235_pe826851_s5.jpg.webp",
    "description": "trolldom-baby-towel-with-hood-deer-brown__1008235_pe826851_s5.jpg.webp",
    "order": 46,
    "id": "img_1745027962239_46"
  },
  {
    "filename": "svalka-wine-glass-clear-glass__50311_pe132568_s5.jpg.webp",
    "description": "svalka-wine-glass-clear-glass__50311_pe132568_s5.jpg.webp",
    "order": 47,
    "id": "img_1745027962239_47"
  },
  {
    "filename": "koppla-1-port-usb-charger-white__0616105_pe687662_s2.jpg",
    "description": "koppla-1-port-usb-charger-white__0616105_pe687662_s2.jpg",
    "order": 48,
    "id": "img_1745027962239_48"
  },
  {
    "filename": "klockren-splatter-screen__0791100_pe764502_s5.jpg.webp",
    "description": "klockren-splatter-screen__0791100_pe764502_s5.jpg.webp",
    "order": 49,
    "id": "img_1745027962239_49"
  },
  {
    "filename": "variera-box-white__0626879_pe693057_s5.jpg.webp",
    "description": "variera-box-white__0626879_pe693057_s5.jpg.webp",
    "order": 50,
    "id": "img_1745027962239_50"
  },
  {
    "filename": "trofast-storage-box-white__0624261_pe691758_s5.jpg.webp",
    "description": "trofast-storage-box-white__0624261_pe691758_s5.jpg.webp",
    "order": 51,
    "id": "img_1745027962239_51"
  },
  {
    "filename": "ledare-led-bulb-e17-reflector-r14-400-lm-warm-dimming__0557338_pe660808_s5.jpg.webp",
    "description": "ledare-led-bulb-e17-reflector-r14-400-lm-warm-dimming__0557338_pe660808_s5.jpg.webp",
    "order": 52,
    "id": "img_1745027962239_52"
  },
  {
    "filename": "maerkbart-scissors-set-of-2__0711774_pe728443_s5.jpg.webp",
    "description": "maerkbart-scissors-set-of-2__0711774_pe728443_s5.jpg.webp",
    "order": 53,
    "id": "img_1745027962239_53"
  },
  {
    "filename": "istad-resealable-bag-patterned-light-green__1035130_pe841280_s2.jpg.webp",
    "description": "istad-resealable-bag-patterned-light-green__1035130_pe841280_s2.jpg.webp",
    "order": 54,
    "id": "img_1745027962239_54"
  },
  {
    "filename": "bevara-sealing-clip-set-of-30-mixed-colors-mixed-sizes__0711631_pe728360_s5.jpg",
    "description": "bevara-sealing-clip-set-of-30-mixed-colors-mixed-sizes__0711631_pe728360_s5.jpg",
    "order": 55,
    "id": "img_1745027962239_55"
  },
  {
    "filename": "fantastisk-paper-napkin-white__0736402_pe740508_s5.jpg.webp",
    "description": "fantastisk-paper-napkin-white__0736402_pe740508_s5.jpg.webp",
    "order": 56,
    "id": "img_1745027962239_56"
  },
  {
    "filename": "rinnig-dish-towel-white-green-patterned__0813215_pe772339_s5.jpg.webp",
    "description": "rinnig-dish-towel-white-green-patterned__0813215_pe772339_s5.jpg.webp",
    "order": 57,
    "id": "img_1745027962239_57"
  },
  {
    "filename": "salviken-hand-towel-natural__1034906_pe837897_s5.jpg.webp",
    "description": "salviken-hand-towel-natural__1034906_pe837897_s5.jpg.webp",
    "order": 58,
    "id": "img_1745027962239_58"
  },
  {
    "filename": "torkad-papertowel-holder-silver-color__0711695_pe728386_s5.jpg.webp",
    "description": "torkad-papertowel-holder-silver-color__0711695_pe728386_s5.jpg.webp",
    "order": 59,
    "id": "img_1745027962239_59"
  },
  {
    "filename": "variera-box-white__0113067_pe265130_s5.jpg.webp",
    "description": "variera-box-white__0113067_pe265130_s5.jpg.webp",
    "order": 60,
    "id": "img_1745027962239_60"
  },
  {
    "filename": "fantastisk-paper-napkin-yellow__0713164_pe729308_s5.jpg.webp",
    "description": "fantastisk-paper-napkin-yellow__0713164_pe729308_s5.jpg.webp",
    "order": 61,
    "id": "img_1745027962239_61"
  },
  {
    "filename": "pepprig-microfiber-cloth__0820382_pe775019_s5.jpg.webp",
    "description": "pepprig-microfiber-cloth__0820382_pe775019_s5.jpg.webp",
    "order": 62,
    "id": "img_1745027962239_62"
  },
  {
    "filename": "salviken-washcloth-natural__1034949_pe837937_s5.jpg.webp",
    "description": "salviken-washcloth-natural__1034949_pe837937_s5.jpg.webp",
    "order": 63,
    "id": "img_1745027962239_63"
  },
  {
    "filename": "spruttig-hanger-black__0710664_pe727695_s5.jpg.webp",
    "description": "spruttig-hanger-black__0710664_pe727695_s5.jpg.webp",
    "order": 64,
    "id": "img_1745027962239_64"
  },
  {
    "filename": "omsorg-shoehorn-black__0711838_pe728513_s5.jpg.webp",
    "description": "omsorg-shoehorn-black__0711838_pe728513_s5.jpg.webp",
    "order": 65,
    "id": "img_1745027962239_65"
  },
  {
    "filename": "frakta-shopping-bag-large-blue__0711231_pe728076_s5.jpg.webp",
    "description": "frakta-shopping-bag-large-blue__0711231_pe728076_s5.jpg.webp",
    "order": 66,
    "id": "img_1745027962239_66"
  },
  {
    "filename": "nojig-organizer-plastic-white__0995174_pe822765_s5.jpg.webp",
    "description": "nojig-organizer-plastic-white__0995174_pe822765_s5.jpg.webp",
    "order": 67,
    "id": "img_1745027962239_67"
  },
  {
    "filename": "tarva-6-drawer-chest-pine__0496978_pe628891_s5.jpg.webp",
    "description": "tarva-6-drawer-chest-pine__0496978_pe628891_s5.jpg.webp",
    "order": 68,
    "id": "img_1745027962239_68"
  },
  {
    "filename": "tananger-mattress-topper-white__0371559_pe551365_s5.jpg.webp",
    "description": "tananger-mattress-topper-white__0371559_pe551365_s5.jpg.webp",
    "order": 69,
    "id": "img_1745027962239_69"
  },
  {
    "filename": "raskog-utility-cart-white__0503386_pe632627_s5.jpg.webp",
    "description": "raskog-utility-cart-white__0503386_pe632627_s5.jpg.webp",
    "order": 70,
    "id": "img_1745027962239_70"
  },
  {
    "filename": "lersta-floor-reading-lamp-with-led-bulb-aluminum__0249251_pe371527_s5.jpg.webp",
    "description": "lersta-floor-reading-lamp-with-led-bulb-aluminum__0249251_pe371527_s5.jpg.webp",
    "order": 71,
    "id": "img_1745027962239_71"
  },
  {
    "filename": "vickleby-floor-lamp-with-led-bulb-white-handmade__0953644_pe802864_s5.jpg.webp",
    "description": "vickleby-floor-lamp-with-led-bulb-white-handmade__0953644_pe802864_s5.jpg.webp",
    "order": 72,
    "id": "img_1745027962239_72"
  },
  {
    "filename": "ikea-365-frying-pan-stainless-steel-non-stick-coating__1006161_pe825746_s5.jpg.webp",
    "description": "ikea-365-frying-pan-stainless-steel-non-stick-coating__1006161_pe825746_s5.jpg.webp",
    "order": 73,
    "id": "img_1745027962239_73"
  },
  {
    "filename": "fullkomlig-tablecloth-white__0711906_pe728585_s5.jpg.webp",
    "description": "fullkomlig-tablecloth-white__0711906_pe728585_s5.jpg.webp",
    "order": 74,
    "id": "img_1745027962239_75"
  },
  {
    "filename": "vardagen-measuring-cup-glass__0462947_pe608444_s5.jpg.webp",
    "description": "vardagen-measuring-cup-glass__0462947_pe608444_s5.jpg.webp",
    "order": 75,
    "id": "img_1745027962239_76"
  },
  {
    "filename": "oesterild-door-mat-indoor-dark-gray__0941916_pe795874_s5 2.jpg.webp",
    "description": "oesterild-door-mat-indoor-dark-gray__0941916_pe795874_s5 2.jpg.webp",
    "order": 76,
    "id": "img_1745027962239_77"
  },
  {
    "filename": "baggmuck-shoe-tray-indoor-outdoor-gray__0711829_pe728506_s5.jpg.webp",
    "description": "baggmuck-shoe-tray-indoor-outdoor-gray__0711829_pe728506_s5.jpg.webp",
    "order": 77,
    "id": "img_1745027962239_78"
  },
  {
    "filename": "samla-box-clear__0711022_pe727903_s5.jpg.webp",
    "description": "samla-box-clear__0711022_pe727903_s5.jpg.webp",
    "order": 78,
    "id": "img_1745027962239_79"
  },
  {
    "filename": "rollsbo-led-bulb-e12-200-lumen-dimmable-chandelier-brown-clear-glass__0990077_pe818738_s5.jpg.webp",
    "description": "rollsbo-led-bulb-e12-200-lumen-dimmable-chandelier-brown-clear-glass__0990077_pe818738_s5.jpg.webp",
    "order": 79,
    "id": "img_1745027962239_80"
  },
  {
    "filename": "ordning-utensil-holder-stainless-steel__0815884_pe773081_s5.jpg.webp",
    "description": "ordning-utensil-holder-stainless-steel__0815884_pe773081_s5.jpg.webp",
    "order": 80,
    "id": "img_1745027962239_81"
  },
  {
    "filename": "pluggland-hanger-for-door__1045109_pe842438_s5.jpg.webp",
    "description": "pluggland-hanger-for-door__1045109_pe842438_s5.jpg.webp",
    "order": 81,
    "id": "img_1745027962239_82"
  },
  {
    "filename": "samla-lid-for-box-3-6-gallon-clear__1016068_pe830204_s5.jpg.webp",
    "description": "samla-lid-for-box-3-6-gallon-clear__1016068_pe830204_s5.jpg.webp",
    "order": 82,
    "id": "img_1745027962239_83"
  },
  {
    "filename": "prickig-microwave-lid-gray__0710828_pe727792_s5.jpg.webp",
    "description": "prickig-microwave-lid-gray__0710828_pe727792_s5.jpg.webp",
    "order": 83,
    "id": "img_1745027962239_84"
  },
  {
    "filename": "tomat-spray-bottle-white__0637666_pe698477_s5.jpg.webp",
    "description": "tomat-spray-bottle-white__0637666_pe698477_s5.jpg.webp",
    "order": 84,
    "id": "img_1745027962239_85"
  },
  {
    "filename": "81bekFMexeL._AC_SL1500_.jpg",
    "description": "81bekFMexeL._AC_SL1500_.jpg",
    "order": 85,
    "id": "img_1745027962239_86"
  },
  {
    "filename": "71Va3ABs9kL._AC_SL1500_.jpg",
    "description": "71Va3ABs9kL._AC_SL1500_.jpg",
    "order": 86,
    "id": "img_1745027962239_87"
  },
  {
    "filename": "51w+s24m3bS._AC_SL1500_.jpg",
    "description": "51w+s24m3bS._AC_SL1500_.jpg",
    "order": 87,
    "id": "img_1745027962239_88"
  },
  {
    "filename": "91MewFJBpmL._AC_SL1500_.jpg",
    "description": "91MewFJBpmL._AC_SL1500_.jpg",
    "order": 88,
    "id": "img_1745027962239_89"
  },
  {
    "filename": "71X44ne7MdL._AC_SL1500_.jpg",
    "description": "71X44ne7MdL._AC_SL1500_.jpg",
    "order": 89,
    "id": "img_1745027962239_90"
  },
  {
    "filename": "81VNrrSnQML._AC_SL1500_.jpg",
    "description": "81VNrrSnQML._AC_SL1500_.jpg",
    "order": 90,
    "id": "img_1745027962239_91"
  },
  {
    "filename": "61jX+-72aQL._AC_SL1500_.jpg",
    "description": "61jX+-72aQL._AC_SL1500_.jpg",
    "order": 91,
    "id": "img_1745027962239_92"
  },
  {
    "filename": "814AdSZ5+VS._AC_SL1500_.jpg",
    "description": "814AdSZ5+VS._AC_SL1500_.jpg",
    "order": 92,
    "id": "img_1745027962239_93"
  },
  {
    "filename": "81g4kIseclL._AC_SL1500_.jpg",
    "description": "81g4kIseclL._AC_SL1500_.jpg",
    "order": 93,
    "id": "img_1745027962239_94"
  },
  {
    "filename": "71aBAFKrH-L._AC_SL1200_.jpg",
    "description": "71aBAFKrH-L._AC_SL1200_.jpg",
    "order": 94,
    "id": "img_1745027962239_95"
  },
  {
    "filename": "61-EDI7cXOS._AC_SL1200_.jpg",
    "description": "61-EDI7cXOS._AC_SL1200_.jpg",
    "order": 95,
    "id": "img_1745027962239_96"
  },
  {
    "filename": "611pppH3p0L._AC_SL1500_.jpg",
    "description": "611pppH3p0L._AC_SL1500_.jpg",
    "order": 96,
    "id": "img_1745027962239_97"
  },
  {
    "filename": "71CpxAHlZBL._AC_SL1500_.jpg",
    "description": "71CpxAHlZBL._AC_SL1500_.jpg",
    "order": 97,
    "id": "img_1745027962239_98"
  },
  {
    "filename": "51qiDPOshuS._AC_SL1000_.jpg",
    "description": "51qiDPOshuS._AC_SL1000_.jpg",
    "order": 98,
    "id": "img_1745027962239_99"
  },
  {
    "filename": "71hQZ7tvQ8L._AC_SL1500_.jpg",
    "description": "71hQZ7tvQ8L._AC_SL1500_.jpg",
    "order": 99,
    "id": "img_1745027962239_100"
  },
  {
    "filename": "71eh-rIjJcL._AC_SL1500_.jpg",
    "description": "71eh-rIjJcL._AC_SL1500_.jpg",
    "order": 100,
    "id": "img_1745027962239_101"
  },
  {
    "filename": "71cwPLguGLL._SL1500_.jpg",
    "description": "71cwPLguGLL._SL1500_.jpg",
    "order": 101,
    "id": "img_1745027962239_102"
  },
  {
    "filename": "61VlnXWPzRL._AC_SL1500_.jpg",
    "description": "61VlnXWPzRL._AC_SL1500_.jpg",
    "order": 102,
    "id": "img_1745027962239_103"
  },
  {
    "filename": "91ngAwOohBL._AC_SL1500_.jpg",
    "description": "91ngAwOohBL._AC_SL1500_.jpg",
    "order": 103,
    "id": "img_1745027962239_104"
  },
  {
    "filename": "414howLEatL._AC_SL1000_.jpg",
    "description": "414howLEatL._AC_SL1000_.jpg",
    "order": 104,
    "id": "img_1745027962239_105"
  },
  {
    "filename": "61PQ+9w94IL._AC_SL1200_.jpg",
    "description": "61PQ+9w94IL._AC_SL1200_.jpg",
    "order": 105,
    "id": "img_1745027962239_106"
  },
  {
    "filename": "61X2jqo7BuL._AC_SL1500_.jpg",
    "description": "61X2jqo7BuL._AC_SL1500_.jpg",
    "order": 106,
    "id": "img_1745027962239_107"
  },
  {
    "filename": "61oynBynaNL._SL1499_.jpg",
    "description": "61oynBynaNL._SL1499_.jpg",
    "order": 107,
    "id": "img_1745027962239_108"
  },
  {
    "filename": "51BeL8WyooL._AC_SL1500_.jpg",
    "description": "51BeL8WyooL._AC_SL1500_.jpg",
    "order": 108,
    "id": "img_1745027962239_109"
  },
  {
    "filename": "71SOv7NvoML._AC_SL1500_.jpg",
    "description": "71SOv7NvoML._AC_SL1500_.jpg",
    "order": 109,
    "id": "img_1745027962239_110"
  },
  {
    "filename": "71YyD9mW-eL._AC_SL1500_.jpg",
    "description": "71YyD9mW-eL._AC_SL1500_.jpg",
    "order": 110,
    "id": "img_1745027962239_111"
  },
  {
    "filename": "61sTF4GW8TL._SL1500_.jpg",
    "description": "61sTF4GW8TL._SL1500_.jpg",
    "order": 111,
    "id": "img_1745027962239_112"
  },
  {
    "filename": "81i+4NuQdLL._AC_SL1500_.jpg",
    "description": "81i+4NuQdLL._AC_SL1500_.jpg",
    "order": 112,
    "id": "img_1745027962239_113"
  },
  {
    "filename": "713rPL0ZtHS._AC_SL1500_.jpg",
    "description": "713rPL0ZtHS._AC_SL1500_.jpg",
    "order": 113,
    "id": "img_1745027962239_114"
  },
  {
    "filename": "81zYKb0JgxS._AC_SL1500_.jpg",
    "description": "81zYKb0JgxS._AC_SL1500_.jpg",
    "order": 114,
    "id": "img_1745027962239_115"
  },
  {
    "filename": "ad74e9fd-883d-422b-8f57-a0dabd75b752.jpg",
    "description": "ad74e9fd-883d-422b-8f57-a0dabd75b752.jpg",
    "order": 115,
    "id": "img_1745027962239_116"
  },
  {
    "filename": "Yepp-Maxi-Yellow.jpg",
    "description": "Yepp-Maxi-Yellow.jpg",
    "order": 116,
    "id": "img_1745027962239_117"
  },
  {
    "filename": "41uduCofKFL._AC_.jpg",
    "description": "41uduCofKFL._AC_.jpg",
    "order": 117,
    "id": "img_1745027962239_118"
  },
  {
    "filename": "51hCF3FcqeL._AC_SL1204_.jpg",
    "description": "51hCF3FcqeL._AC_SL1204_.jpg",
    "order": 118,
    "id": "img_1745027962239_119"
  },
  {
    "filename": "81-x-ofoIQL._AC_SL1500_.jpg",
    "description": "81-x-ofoIQL._AC_SL1500_.jpg",
    "order": 119,
    "id": "img_1745027962239_120"
  },
  {
    "filename": "51EJhacQ9kL._AC_.jpg",
    "description": "51EJhacQ9kL._AC_.jpg",
    "order": 120,
    "id": "img_1745027962239_121"
  },
  {
    "filename": "416m3TkqKdL._AC_SL1500_.jpg",
    "description": "416m3TkqKdL._AC_SL1500_.jpg",
    "order": 121,
    "id": "img_1745027962239_122"
  },
  {
    "filename": "WagonOrange_side1to1_800x.webp",
    "description": "WagonOrange_side1to1_800x.webp",
    "order": 122,
    "id": "img_1745027962239_123"
  },
  {
    "filename": "ikea-365-glass-clear-glass__0928963_pe790099_s5.webp",
    "description": "ikea-365-glass-clear-glass__0928963_pe790099_s5.webp",
    "order": 123,
    "id": "img_1745027962239_124"
  },
  {
    "filename": "lydersholm-rug-flatwoven-in-outdoor-medium-brown__0963035_pe808276_s5.jpg.webp",
    "description": "lydersholm-rug-flatwoven-in-outdoor-medium-brown__0963035_pe808276_s5.jpg.webp",
    "order": 124,
    "id": "img_1745027962239_125"
  },
  {
    "filename": "virklund-rug-flatwoven-in-outdoor-beige-dark-gray__1048368_pe843701_s5.jpg.webp",
    "description": "virklund-rug-flatwoven-in-outdoor-beige-dark-gray__1048368_pe843701_s5.jpg.webp",
    "order": 125,
    "id": "img_1745027962239_126"
  },
  {
    "filename": "morum-rug-flatwoven-in-outdoor-dark-gray__0123534_pe279670_s5.jpg.webp",
    "description": "morum-rug-flatwoven-in-outdoor-dark-gray__0123534_pe279670_s5.jpg.webp",
    "order": 126,
    "id": "img_1745027962239_127"
  },
  {
    "filename": "sunnersta-adjustable-rack-with-hooks__0832640_pe777739_s5.jpg.webp",
    "description": "sunnersta-adjustable-rack-with-hooks__0832640_pe777739_s5.jpg.webp",
    "order": 127,
    "id": "img_1745027962239_128"
  },
  {
    "filename": "trampa-door-mat-natural__0721300_pe733149_s5.jpg.webp",
    "description": "trampa-door-mat-natural__0721300_pe733149_s5.jpg.webp",
    "order": 128,
    "id": "img_1745027962239_129"
  },
  {
    "filename": "ikea-365-dry-food-jar-with-lid-clear-white__0711434_pe728250_s5.jpg.webp",
    "description": "ikea-365-dry-food-jar-with-lid-clear-white__0711434_pe728250_s5.jpg.webp",
    "order": 129,
    "id": "img_1745027962239_130"
  },
  {
    "filename": "alstern-bath-mat-dark-gray__0688693_pe722661_s5.jpg.webp",
    "description": "alstern-bath-mat-dark-gray__0688693_pe722661_s5.jpg.webp",
    "order": 130,
    "id": "img_1745027962239_131"
  },
  {
    "filename": "alstern-bath-mat-light-gray-green__0980560_pe815029_s5.jpg.webp",
    "description": "alstern-bath-mat-light-gray-green__0980560_pe815029_s5.jpg.webp",
    "order": 131,
    "id": "img_1745027962239_132"
  },
  {
    "filename": "oevermaett-food-cover-set-of-3-silicone-multicolor__0653137_pe707820_s5.jpg.webp",
    "description": "oevermaett-food-cover-set-of-3-silicone-multicolor__0653137_pe707820_s5.jpg.webp",
    "order": 132,
    "id": "img_1745027962239_133"
  },
  {
    "filename": "enudden-hanger-for-door-white__0710492_pe727593_s5.jpg.webp",
    "description": "enudden-hanger-for-door-white__0710492_pe727593_s5.jpg.webp",
    "order": 133,
    "id": "img_1745027962239_134"
  },
  {
    "filename": "sunnersta-rail-with-4-hooks-and-2-containers-white__0832809_pe777827_s5.jpg.webp",
    "description": "sunnersta-rail-with-4-hooks-and-2-containers-white__0832809_pe777827_s5.jpg.webp",
    "order": 134,
    "id": "img_1745027962239_135"
  },
  {
    "filename": "vaerdera-deep-plate-bowl-white__0712388_pe728764_s5.jpg.webp",
    "description": "vaerdera-deep-plate-bowl-white__0712388_pe728764_s5.jpg.webp",
    "order": 135,
    "id": "img_1745027962239_136"
  },
  {
    "filename": "ikea-365-lid-round-glass__0610740_pe685088_s5.jpg.webp",
    "description": "ikea-365-lid-round-glass__0610740_pe685088_s5.jpg.webp",
    "order": 136,
    "id": "img_1745027962239_137"
  },
  {
    "filename": "ikea-365-insert-for-food-container-set-of-3__0986837_pe817485_s5.jpg.webp",
    "description": "ikea-365-insert-for-food-container-set-of-3__0986837_pe817485_s5.jpg.webp",
    "order": 137,
    "id": "img_1745027962239_138"
  },
  {
    "filename": "baestis-hook-beige__0992468_pe820049_s5.jpg.webp",
    "description": "baestis-hook-beige__0992468_pe820049_s5.jpg.webp",
    "order": 138,
    "id": "img_1745027962239_139"
  },
  {
    "filename": "baestis-hook-turquoise__0990629_pe819350_s5.jpg.webp",
    "description": "baestis-hook-turquoise__0990629_pe819350_s5.jpg.webp",
    "order": 139,
    "id": "img_1745027962239_140"
  },
  {
    "filename": "51ZiHHbV14L._AC_.jpg",
    "description": "51ZiHHbV14L._AC_.jpg",
    "order": 140,
    "id": "img_1745027962239_141"
  },
  {
    "filename": "716Ims2zMzL._AC_SL1500_.jpg",
    "description": "716Ims2zMzL._AC_SL1500_.jpg",
    "order": 141,
    "id": "img_1745027962239_142"
  },
  {
    "filename": "81pA+hAn8wL._AC_SL1500_.jpg",
    "description": "81pA+hAn8wL._AC_SL1500_.jpg",
    "order": 142,
    "id": "img_1745027962239_143"
  },
  {
    "filename": "712eIhZNdsS._AC_SL1500_.jpg",
    "description": "712eIhZNdsS._AC_SL1500_.jpg",
    "order": 143,
    "id": "img_1745027962239_144"
  },
  {
    "filename": "61v3-FEwJAL._AC_SL1000_.jpg",
    "description": "61v3-FEwJAL._AC_SL1000_.jpg",
    "order": 144,
    "id": "img_1745027962239_145"
  },
  {
    "filename": "416pGk1GpcS._AC_SL1500_.jpg",
    "description": "416pGk1GpcS._AC_SL1500_.jpg",
    "order": 145,
    "id": "img_1745027962239_146"
  },
  {
    "filename": "61vUhdV+BKL._AC_SL1500_.jpg",
    "description": "61vUhdV+BKL._AC_SL1500_.jpg",
    "order": 146,
    "id": "img_1745027962239_147"
  },
  {
    "filename": "61NNRb29p8L._AC_SL1000_.jpg",
    "description": "61NNRb29p8L._AC_SL1000_.jpg",
    "order": 147,
    "id": "img_1745027962239_148"
  },
  {
    "filename": "61HBW4N6sJS._AC_SL1200_.jpg",
    "description": "61HBW4N6sJS._AC_SL1200_.jpg",
    "order": 148,
    "id": "img_1745027962239_149"
  },
  {
    "filename": "905a9adf-9470-4384-afaf-c0f70c546cd1.jpg",
    "description": "905a9adf-9470-4384-afaf-c0f70c546cd1.jpg",
    "order": 149,
    "id": "img_1745027962239_150"
  },
  {
    "filename": "260a1b5c-c046-49ae-aca5-6c6e2f1463fc.jpg",
    "description": "260a1b5c-c046-49ae-aca5-6c6e2f1463fc.jpg",
    "order": 150,
    "id": "img_1745027962239_151"
  },
  {
    "filename": "61dEFz7DB3L._AC_SL1500_.jpg",
    "description": "61dEFz7DB3L._AC_SL1500_.jpg",
    "order": 151,
    "id": "img_1745027962239_152"
  },
  {
    "filename": "81BpppizQQS._AC_SL1500_.jpg",
    "description": "81BpppizQQS._AC_SL1500_.jpg",
    "order": 152,
    "id": "img_1745027962239_153"
  },
  {
    "filename": "71KC8XunVOL._AC_SL1500_.jpg",
    "description": "71KC8XunVOL._AC_SL1500_.jpg",
    "order": 153,
    "id": "img_1745027962239_154"
  },
  {
    "filename": "81IeqhFqzJL._AC_SL1500_.jpg",
    "description": "81IeqhFqzJL._AC_SL1500_.jpg",
    "order": 154,
    "id": "img_1745027962239_155"
  },
  {
    "filename": "71cfo8w6SXL._AC_SL1500_.jpg",
    "description": "71cfo8w6SXL._AC_SL1500_.jpg",
    "order": 155,
    "id": "img_1745027962239_156"
  },
  {
    "filename": "71Q-51Ld7rL._AC_SL1500_.jpg",
    "description": "71Q-51Ld7rL._AC_SL1500_.jpg",
    "order": 156,
    "id": "img_1745027962239_157"
  },
  {
    "filename": "71yL9A07NrL._AC_SL1500_.jpg",
    "description": "71yL9A07NrL._AC_SL1500_.jpg",
    "order": 157,
    "id": "img_1745027962239_158"
  },
  {
    "filename": "710a6fHG6KL._AC_UL1500_.jpg",
    "description": "710a6fHG6KL._AC_UL1500_.jpg",
    "order": 158,
    "id": "img_1745027962239_159"
  },
  {
    "filename": "615w5Ajm6XL._AC_SL1500_.jpg",
    "description": "615w5Ajm6XL._AC_SL1500_.jpg",
    "order": 159,
    "id": "img_1745027962239_160"
  },
  {
    "filename": "61rafLTGDjL._AC_SL1500_.jpg",
    "description": "61rafLTGDjL._AC_SL1500_.jpg",
    "order": 160,
    "id": "img_1745027962239_161"
  },
  {
    "filename": "71AVPY4fDWL._AC_SL1500_.jpg",
    "description": "71AVPY4fDWL._AC_SL1500_.jpg",
    "order": 161,
    "id": "img_1745027962239_162"
  },
  {
    "filename": "81Jz9-cAIyL._AC_SL1500_.jpg",
    "description": "81Jz9-cAIyL._AC_SL1500_.jpg",
    "order": 162,
    "id": "img_1745027962239_163"
  },
  {
    "filename": "811mNaCb7dL._AC_SL1500_.jpg",
    "description": "811mNaCb7dL._AC_SL1500_.jpg",
    "order": 163,
    "id": "img_1745027962239_164"
  },
  {
    "filename": "718xT7LrxoL._AC_SL1500_.jpg",
    "description": "718xT7LrxoL._AC_SL1500_.jpg",
    "order": 164,
    "id": "img_1745027962239_165"
  },
  {
    "filename": "61v5bF3XxdL._AC_SL1500_.jpg",
    "description": "61v5bF3XxdL._AC_SL1500_.jpg",
    "order": 165,
    "id": "img_1745027962239_166"
  },
  {
    "filename": "51B3HrS+4ZL._AC_SL1200_.jpg",
    "description": "51B3HrS+4ZL._AC_SL1200_.jpg",
    "order": 166,
    "id": "img_1745027962239_167"
  },
  {
    "filename": "51LjhFSm9DL._AC_SL1500_.jpg",
    "description": "51LjhFSm9DL._AC_SL1500_.jpg",
    "order": 167,
    "id": "img_1745027962239_168"
  },
  {
    "filename": "81cbxtVntTL._AC_SL1500_.jpg",
    "description": "81cbxtVntTL._AC_SL1500_.jpg",
    "order": 168,
    "id": "img_1745027962239_169"
  },
  {
    "filename": "frakta-cooler-bag-blue__0783608_pe761541_s5.jpg.webp",
    "description": "frakta-cooler-bag-blue__0783608_pe761541_s5.jpg.webp",
    "order": 169,
    "id": "img_1745027962239_170"
  },
  {
    "filename": "bagis-childrens-coat-hanger-mixed-colors__0878856_pe781732_s5.jpg.webp",
    "description": "bagis-childrens-coat-hanger-mixed-colors__0878856_pe781732_s5.jpg.webp",
    "order": 170,
    "id": "img_1745027962239_171"
  },
  {
    "filename": "kalas-plate-mixed-colors__0998030_pe822920_s5.jpg.webp",
    "description": "kalas-plate-mixed-colors__0998030_pe822920_s5.jpg.webp",
    "order": 171,
    "id": "img_1745027962239_172"
  },
  {
    "filename": "patrull-safety-plug-white__0755343_pe748379_s5.jpg.webp",
    "description": "patrull-safety-plug-white__0755343_pe748379_s5.jpg.webp",
    "order": 172,
    "id": "img_1745027962239_173"
  },
  {
    "filename": "ikea-365-water-bottle-dark-gray__0916298_pe785100_s5.jpg.webp",
    "description": "ikea-365-water-bottle-dark-gray__0916298_pe785100_s5.jpg.webp",
    "order": 173,
    "id": "img_1745027962239_174"
  },
  {
    "filename": "trofast-storage-box-pink__0807024_pe770210_s5.jpg.webp",
    "description": "trofast-storage-box-pink__0807024_pe770210_s5.jpg.webp",
    "order": 174,
    "id": "img_1745027962239_175"
  },
  {
    "filename": "fejka-artificial-potted-plant-indoor-outdoor-house-bamboo__0711609_pe728351_s5.jpg.webp",
    "description": "fejka-artificial-potted-plant-indoor-outdoor-house-bamboo__0711609_pe728351_s5.jpg.webp",
    "order": 175,
    "id": "img_1745027962239_176"
  },
  {
    "filename": "lilla-childrens-potty-green__0712336_pe728744_s5.jpg.webp",
    "description": "lilla-childrens-potty-green__0712336_pe728744_s5.jpg.webp",
    "order": 176,
    "id": "img_1745027962239_177"
  },
  {
    "filename": "oevermaett-food-cover-set-of-2-silicone__1062697_pe850941_s5.jpg.webp",
    "description": "oevermaett-food-cover-set-of-2-silicone__1062697_pe850941_s5.jpg.webp",
    "order": 177,
    "id": "img_1745027962239_178"
  },
  {
    "filename": "oevermaett-food-cover-silicone__1062700_pe850942_s5.jpg.webp",
    "description": "oevermaett-food-cover-silicone__1062700_pe850942_s5.jpg.webp",
    "order": 178,
    "id": "img_1745027962239_179"
  },
  {
    "filename": "bolmen-step-stool-white__0284761_pe421943_s5.jpg.webp",
    "description": "bolmen-step-stool-white__0284761_pe421943_s5.jpg.webp",
    "order": 179,
    "id": "img_1745027962239_180"
  },
  {
    "filename": "upphetta-french-press-coffee-maker-glass-stainless-steel__0711267_pe728105_s5.jpg.webp",
    "description": "upphetta-french-press-coffee-maker-glass-stainless-steel__0711267_pe728105_s5.jpg.webp",
    "order": 180,
    "id": "img_1745027962239_181"
  },
  {
    "filename": "skogsfraeken-pillow-low__0789293_pe763920_s5.jpg.webp",
    "description": "skogsfraeken-pillow-low__0789293_pe763920_s5.jpg.webp",
    "order": 181,
    "id": "img_1745027962239_182"
  },
  {
    "filename": "laemplig-cutting-board-bamboo__0711757_pe728449_s5.jpg.webp",
    "description": "laemplig-cutting-board-bamboo__0711757_pe728449_s5.jpg.webp",
    "order": 182,
    "id": "img_1745027962239_183"
  },
  {
    "filename": "f7e4b35a96891053b242ee7f821b66a3.jpg",
    "description": "f7e4b35a96891053b242ee7f821b66a3.jpg",
    "order": 183,
    "id": "img_1745027962239_184"
  },
  {
    "filename": "71PeysdynOL._AC_SL1500_.jpg",
    "description": "71PeysdynOL._AC_SL1500_.jpg",
    "order": 184,
    "id": "img_1745027962239_185"
  },
  {
    "filename": "61uuO2wLqzL._AC_SL1500_.jpg",
    "description": "61uuO2wLqzL._AC_SL1500_.jpg",
    "order": 185,
    "id": "img_1745027962239_186"
  },
  {
    "filename": "71Jjl2YuLUL._AC_SL1500_.jpg",
    "description": "71Jjl2YuLUL._AC_SL1500_.jpg",
    "order": 186,
    "id": "img_1745027962239_187"
  },
  {
    "filename": "81niF5WQUjL._AC_SL1500_.jpg",
    "description": "81niF5WQUjL._AC_SL1500_.jpg",
    "order": 187,
    "id": "img_1745027962239_188"
  },
  {
    "filename": "71wlOzvOFJL._AC_SL1500_-2.jpg",
    "description": "71wlOzvOFJL._AC_SL1500_-2.jpg",
    "order": 188,
    "id": "img_1745027962239_189"
  },
  {
    "filename": "61kJm6jClSL._SL1000_.jpg",
    "description": "61kJm6jClSL._SL1000_.jpg",
    "order": 189,
    "id": "img_1745027962239_190"
  },
  {
    "filename": "81jdlnc7j9L._AC_SL1500_.jpg",
    "description": "81jdlnc7j9L._AC_SL1500_.jpg",
    "order": 190,
    "id": "img_1745027962239_191"
  },
  {
    "filename": "81KUBPrv7ZL._AC_SL1500_.jpg",
    "description": "81KUBPrv7ZL._AC_SL1500_.jpg",
    "order": 191,
    "id": "img_1745027962239_192"
  },
  {
    "filename": "6196+DccqLS._AC_SL1500_.jpg",
    "description": "6196+DccqLS._AC_SL1500_.jpg",
    "order": 192,
    "id": "img_1745027962239_193"
  },
  {
    "filename": "91WlgTJfawL._AC_SL1500_.jpg",
    "description": "91WlgTJfawL._AC_SL1500_.jpg",
    "order": 193,
    "id": "img_1745027962239_194"
  },
  {
    "filename": "61EG-E-VQ-L._AC_SL1500_.jpg",
    "description": "61EG-E-VQ-L._AC_SL1500_.jpg",
    "order": 194,
    "id": "img_1745027962239_195"
  },
  {
    "filename": "518Ay13PfNS._AC_SL1200_.jpg",
    "description": "518Ay13PfNS._AC_SL1200_.jpg",
    "order": 195,
    "id": "img_1745027962239_196"
  },
  {
    "filename": "51+0PrxKG1L._AC_SL1000_.jpg",
    "description": "51+0PrxKG1L._AC_SL1000_.jpg",
    "order": 196,
    "id": "img_1745027962239_197"
  },
  {
    "filename": "71MayhCVOML._AC_SL1500_.jpg",
    "description": "71MayhCVOML._AC_SL1500_.jpg",
    "order": 197,
    "id": "img_1745027962239_198"
  },
  {
    "filename": "71JYxWgar5L._AC_SL1500_.jpg",
    "description": "71JYxWgar5L._AC_SL1500_.jpg",
    "order": 198,
    "id": "img_1745027962239_199"
  },
  {
    "filename": "81gdbEdjw4L._AC_SL1363_.jpg",
    "description": "81gdbEdjw4L._AC_SL1363_.jpg",
    "order": 199,
    "id": "img_1745027962239_200"
  },
  {
    "filename": "71I5ANUbpsL._AC_SL1500_.jpg",
    "description": "71I5ANUbpsL._AC_SL1500_.jpg",
    "order": 200,
    "id": "img_1745027962239_201"
  },
  {
    "filename": "91R8beZFQkS._SL1500_.jpg",
    "description": "91R8beZFQkS._SL1500_.jpg",
    "order": 201,
    "id": "img_1745027962239_202"
  },
  {
    "filename": "DOLITTLE-CHILD-BIKE-SEAT-DO-LITTLE-SEAT-NZ.jpg",
    "description": "DOLITTLE-CHILD-BIKE-SEAT-DO-LITTLE-SEAT-NZ.jpg",
    "order": 202,
    "id": "img_1745027962239_203"
  },
  {
    "filename": "RadRunner-2_Black-Logo.png",
    "description": "RadRunner-2_Black-Logo.png",
    "order": 203,
    "id": "img_1745027962239_204"
  },
  {
    "filename": "98916-5520_CMPNT_SPECIALIZED-PIZZA-FRONT-RACK-700C_BLK.webp",
    "description": "98916-5520_CMPNT_SPECIALIZED-PIZZA-FRONT-RACK-700C_BLK.webp",
    "order": 204,
    "id": "img_1745027962239_205"
  },
  {
    "filename": "kolon-floor-protector__0292207_pe425129_s5.jpg.webp",
    "description": "kolon-floor-protector__0292207_pe425129_s5.jpg.webp",
    "order": 205,
    "id": "img_1745027962239_206"
  },
  {
    "filename": "lenast-comforter-cover-1-pillowcase-f-crib-dot-pattern__0919723_pe786718_s5.jpg.webp",
    "description": "lenast-comforter-cover-1-pillowcase-f-crib-dot-pattern__0919723_pe786718_s5.jpg.webp",
    "order": 206,
    "id": "img_1745027962239_207"
  },
  {
    "filename": "len-crib-comforter-white__0598057_pe677421_s5.jpg.webp",
    "description": "len-crib-comforter-white__0598057_pe677421_s5.jpg.webp",
    "order": 207,
    "id": "img_1745027962239_208"
  },
  {
    "filename": "koppla-6-outlet-power-strip-with-switch-grounded-white__0605972_pe681936_s5.jpg.webp",
    "description": "koppla-6-outlet-power-strip-with-switch-grounded-white__0605972_pe681936_s5.jpg.webp",
    "order": 208,
    "id": "img_1745027962239_209"
  },
  {
    "filename": "roedhake-crib-fitted-sheet-white-blueberry-patterned__0715265_pe730402_s5.jpg.webp",
    "description": "roedhake-crib-fitted-sheet-white-blueberry-patterned__0715265_pe730402_s5.jpg.webp",
    "order": 209,
    "id": "img_1745027962239_210"
  },
  {
    "filename": "tasjoen-slippers-white__0668755_pe714672_s5.jpg.webp",
    "description": "tasjoen-slippers-white__0668755_pe714672_s5.jpg.webp",
    "order": 210,
    "id": "img_1745027962239_211"
  },
  {
    "filename": "skoerda-accessory-bag-black-white__1045598_pe842665_s5.jpg.webp",
    "description": "skoerda-accessory-bag-black-white__1045598_pe842665_s5.jpg.webp",
    "order": 211,
    "id": "img_1745027962239_212"
  },
  {
    "filename": "fjaellbraecka-comforter-warm__0788249_pe763541_s5.jpg.webp",
    "description": "fjaellbraecka-comforter-warm__0788249_pe763541_s5.jpg.webp",
    "order": 212,
    "id": "img_1745027962239_213"
  },
  {
    "filename": "silverakacia-duvet-cover-and-pillowcase-s-green-dotted__1059094_pe849495_s5.jpg.webp",
    "description": "silverakacia-duvet-cover-and-pillowcase-s-green-dotted__1059094_pe849495_s5.jpg.webp",
    "order": 213,
    "id": "img_1745027962239_214"
  },
  {
    "filename": "baring-rug-underlay-with-anti-slip__0365917_pe548553_s5.jpg.webp",
    "description": "baring-rug-underlay-with-anti-slip__0365917_pe548553_s5.jpg.webp",
    "order": 214,
    "id": "img_1745027962239_215"
  },
  {
    "filename": "lustigt-dart-game__0542468_pe654083_s5.jpg",
    "description": "lustigt-dart-game__0542468_pe654083_s5.jpg",
    "order": 215,
    "id": "img_1745027962239_216"
  },
  {
    "filename": "oesterild-door-mat-indoor-dark-gray__0941916_pe795874_s5.jpg.webp",
    "description": "oesterild-door-mat-indoor-dark-gray__0941916_pe795874_s5.jpg.webp",
    "order": 216,
    "id": "img_1745027962239_217"
  },
  {
    "filename": "mopsig-16-piece-flatware-set__0759952_pe750550_s5.jpg.webp",
    "description": "mopsig-16-piece-flatware-set__0759952_pe750550_s5.jpg.webp",
    "order": 217,
    "id": "img_1745027962239_218"
  },
  {
    "filename": "undvika-multi-latch-white__0660459_pe711055_s5.jpg.webp",
    "description": "undvika-multi-latch-white__0660459_pe711055_s5.jpg.webp",
    "order": 218,
    "id": "img_1745027962239_219"
  },
  {
    "filename": "obegraensad-bag-black__1115314_pe872023_s5.jpg.webp",
    "description": "obegraensad-bag-black__1115314_pe872023_s5.jpg.webp",
    "order": 219,
    "id": "img_1745027962239_220"
  },
  {
    "filename": "brattby-bag-blue__0385690_pe558391_s5.jpg.webp",
    "description": "brattby-bag-blue__0385690_pe558391_s5.jpg.webp",
    "order": 220,
    "id": "img_1745027962239_221"
  },
  {
    "filename": "fladdrig-lunch-bag-patterned-multicolor__1089195_pe861503_s5.jpg.webp",
    "description": "fladdrig-lunch-bag-patterned-multicolor__1089195_pe861503_s5.jpg.webp",
    "order": 221,
    "id": "img_1745027962239_222"
  },
  {
    "filename": "6492216_sd.jpg;maxHeight=640;maxWidth=550.png",
    "description": "6492216_sd.jpg;maxHeight=640;maxWidth=550.png",
    "order": 222,
    "id": "img_1745027962239_223"
  },
  {
    "filename": "121899.jpeg",
    "description": "121899.jpeg",
    "order": 223,
    "id": "img_1745027962239_224"
  },
  {
    "filename": "goods_03_440593.jpeg",
    "description": "goods_03_440593.jpeg",
    "order": 224,
    "id": "img_1745027962239_225"
  },
  {
    "filename": "goods_41_446902.jpeg",
    "description": "goods_41_446902.jpeg",
    "order": 225,
    "id": "img_1745027962239_226"
  },
  {
    "filename": "Screen Shot 2022-10-06 at 12.11.52.png",
    "description": "Screen Shot 2022-10-06 at 12.11.52.png",
    "order": 226,
    "id": "img_1745027962239_227"
  },
  {
    "filename": "91qmPJKT87L._SL1500_.jpg",
    "description": "91qmPJKT87L._SL1500_.jpg",
    "order": 227,
    "id": "img_1745027962239_228"
  },
  {
    "filename": "c76eb.webp",
    "description": "c76eb.webp",
    "order": 228,
    "id": "img_1745027962239_229"
  },
  {
    "filename": "nordli-12-drawer-chest-white__0555292_pe660387_s5.jpg.webp",
    "description": "nordli-12-drawer-chest-white__0555292_pe660387_s5.jpg.webp",
    "order": 229,
    "id": "img_1745027962239_230"
  },
  {
    "filename": "obegraensad-bag-black__1115308_pe872022_s5.jpg.webp",
    "description": "obegraensad-bag-black__1115308_pe872022_s5.jpg.webp",
    "order": 230,
    "id": "img_1745027962239_231"
  },
  {
    "filename": "obegraensad-accessory-bag-black__1115301_pe872016_s5.jpg.webp",
    "description": "obegraensad-accessory-bag-black__1115301_pe872016_s5.jpg.webp",
    "order": 231,
    "id": "img_1745027962239_232"
  },
  {
    "filename": "51J0dokd6hL._AC_SL1000_.jpg",
    "description": "51J0dokd6hL._AC_SL1000_.jpg",
    "order": 232,
    "id": "img_1745027962239_233"
  },
  {
    "filename": "Wald Basket grey.jpeg",
    "description": "Wald Basket ONLY 15\"x10\"x4 3-4\" Wald grey.jpeg",
    "order": 233,
    "id": "img_1745027962239_234"
  },
  {
    "filename": "Wald 37SH Basket HALF-HEIGHT.jpeg",
    "description": "Wald #37SH Basket ONLY, HALF-HEIGHT, 15\"x10\"x2-3-8\".jpeg",
    "order": 234,
    "id": "img_1745027962239_235"
  },
  {
    "filename": "200-00126_HandlebarMitts_alt.png.webp",
    "description": "200-00126_HandlebarMitts_alt.png.webp",
    "order": 235,
    "id": "img_1745027962239_236"
  },
  {
    "filename": "200-00021_frontrack_orange_main.png.webp",
    "description": "200-00021_frontrack_orange_main.png.webp",
    "order": 236,
    "id": "img_1745027962239_237"
  },
  {
    "filename": "200-00117_LCDDisplayUpgradeRadMission_solo.png.webp",
    "description": "200-00117_LCDDisplayUpgradeRadMission_solo.png.webp",
    "order": 237,
    "id": "img_1745027962239_238"
  },
  {
    "filename": "810vwczH9KL._SL1500_.jpg",
    "description": "810vwczH9KL._SL1500_.jpg",
    "order": 238,
    "id": "img_1745027962239_239"
  },
  {
    "filename": "61udvIf6TpL._AC_SL1440_.jpg",
    "description": "61udvIf6TpL._AC_SL1440_.jpg",
    "order": 239,
    "id": "img_1745027962239_240"
  },
  {
    "filename": "12605211-171b-4dd1-a0e9-40d5cb652417.jpg",
    "description": "12605211-171b-4dd1-a0e9-40d5cb652417.jpg",
    "order": 240,
    "id": "img_1745027962239_241"
  },
  {
    "filename": "81qB2Cb1blL._AC_SL1500_.jpg",
    "description": "81qB2Cb1blL._AC_SL1500_.jpg",
    "order": 241,
    "id": "img_1745027962239_242"
  },
  {
    "filename": "510P2Lyg6FL._AC_SL1000_.jpg",
    "description": "510P2Lyg6FL._AC_SL1000_.jpg",
    "order": 242,
    "id": "img_1745027962239_243"
  },
  {
    "filename": "61FO+YCV+eL._AC_SL1175_.jpg",
    "description": "61FO+YCV+eL._AC_SL1175_.jpg",
    "order": 243,
    "id": "img_1745027962239_244"
  },
  {
    "filename": "611Gez8c+lL._AC_SL1200_.jpg",
    "description": "611Gez8c+lL._AC_SL1200_.jpg",
    "order": 244,
    "id": "img_1745027962239_245"
  },
  {
    "filename": "malm-6-drawer-dresser-white__0484884_pe621348_s5.jpg.avif",
    "description": "malm-6-drawer-dresser-white__0484884_pe621348_s5.jpg.avif",
    "order": 245,
    "id": "img_1745027962239_246"
  },
  {
    "filename": "ullerslev-sheepskin-off-white__0603037_pe680644_s5.jpg.avif",
    "description": "ullerslev-sheepskin-off-white__0603037_pe680644_s5.jpg.avif",
    "order": 246,
    "id": "img_1745027962239_247"
  },
  {
    "filename": "stoetta-led-cabinet-lighting-strip-w-sensor-battery-operated-white__0637305_pe698225_s5.jpg.avif",
    "description": "stoetta-led-cabinet-lighting-strip-w-sensor-battery-operated-white__0637305_pe698225_s5.jpg.avif",
    "order": 247,
    "id": "img_1745027962239_248"
  },
  {
    "filename": "mammut-childrens-chair-indoor-outdoor-red__0727924_pe735940_s5.jpg.avif",
    "description": "mammut-childrens-chair-indoor-outdoor-red__0727924_pe735940_s5.jpg.avif",
    "order": 248,
    "id": "img_1745027962239_249"
  },
  {
    "filename": "smycka-artificial-wreath-indoor-outdoor-pine__1006945_pe825909_s5.jpg.avif",
    "description": "smycka-artificial-wreath-indoor-outdoor-pine__1006945_pe825909_s5.jpg.avif",
    "order": 249,
    "id": "img_1745027962239_250"
  },
  {
    "filename": "vinterfint-hanging-decoration-jingle-bell-mixed-colors__1087770_pe860903_s5.jpg.avif",
    "description": "vinterfint-hanging-decoration-jingle-bell-mixed-colors__1087770_pe860903_s5.jpg.avif",
    "order": 250,
    "id": "img_1745027962239_251"
  },
  {
    "filename": "grilltider-squeeze-bottle-plastic-clear__0685040_pe721321_s5.jpg.avif",
    "description": "grilltider-squeeze-bottle-plastic-clear__0685040_pe721321_s5.jpg.avif",
    "order": 251,
    "id": "img_1745027962239_252"
  },
  {
    "filename": "Mobile Warming Heated Gloves.webp",
    "description": "Mobile Warming Heated Gloves.webp",
    "order": 252,
    "id": "img_1745027962239_253"
  },
  {
    "filename": "Marathon_Winter_Plus_20_x_215_8.jpg",
    "description": "Marathon_Winter_Plus_20_x_215_8.jpg",
    "order": 253,
    "id": "img_1745027962239_254"
  },
  {
    "filename": "BNVB MTB Handlebar Cover Winter Cold Weather Cycling Hand Warmer Gloves Windproof Unisex Bicycle Handlebar Mittens for Mountain Bike.jpg",
    "description": "BNVB MTB Handlebar Cover Winter Cold Weather Cycling Hand Warmer Gloves Windproof Unisex Bicycle Handlebar Mittens for Mountain Bike.jpg",
    "order": 254,
    "id": "img_1745027962239_255"
  },
  {
    "filename": "Bogs Arcata Urban Chelsea Snow Boots - Men's.jpeg",
    "description": "Bogs Arcata Urban Chelsea Snow Boots - Men's.jpeg",
    "order": 255,
    "id": "img_1745027962239_256"
  },
  {
    "filename": "newbalance.jpeg",
    "description": "Shoes",
    "order": 256,
    "id": "img_1745027962239_257"
  },
  {
    "filename": "nordli-2-drawer-chest-white__0555300_pe660392_s5.jpg.avif",
    "description": "nordli-2-drawer-chest-white__0555300_pe660392_s5.jpg.avif",
    "order": 257,
    "id": "img_1745027962239_258"
  },
  {
    "filename": "mosslanda-picture-ledge-white-stained-pine-effect__0990548_pe819042_s5.jpg.avif",
    "description": "mosslanda-picture-ledge-white-stained-pine-effect__0990548_pe819042_s5.jpg.avif",
    "order": 258,
    "id": "img_1745027962239_259"
  },
  {
    "filename": "th.jpeg",
    "description": "th.jpeg",
    "order": 259,
    "id": "img_1745027962239_260"
  },
  {
    "filename": "nordli-8-drawer-dresser-white__0555326_pe660417_s5.jpg.webp",
    "description": "nordli-8-drawer-dresser-white__0555326_pe660417_s5.jpg.webp",
    "order": 260,
    "id": "img_1745027962239_261"
  },
  {
    "filename": "Neoprene Wetsuit Toddler 2.5MM (Boy Green, S).jpg",
    "description": "Neoprene Wetsuit Toddler 2.5MM (Boy Green, S).jpg",
    "order": 261,
    "id": "img_1745027962239_262"
  },
  {
    "filename": "61nEHj26gIL._AC_SL1500_.jpg",
    "description": "61nEHj26gIL._AC_SL1500_.jpg",
    "order": 262,
    "id": "img_1745027962239_263"
  },
  {
    "filename": "612ra1LcsVL._AC_SL1200_.jpg",
    "description": "612ra1LcsVL._AC_SL1200_.jpg",
    "order": 263,
    "id": "img_1745027962239_264"
  },
  {
    "filename": "51Z91vSnSlL._AC_UX679_.jpg",
    "description": "51Z91vSnSlL._AC_UX679_.jpg",
    "order": 264,
    "id": "img_1745027962239_265"
  },
  {
    "filename": "71gRKdca4sL._AC_SL1500_.jpg",
    "description": "71gRKdca4sL._AC_SL1500_.jpg",
    "order": 265,
    "id": "img_1745027962239_266"
  },
  {
    "filename": "71D+3M6odOL._AC_SL1500_.jpg",
    "description": "71D+3M6odOL._AC_SL1500_.jpg",
    "order": 266,
    "id": "img_1745027962239_267"
  },
  {
    "filename": "c424cc0068b7433893168388e051be17.jpg.png",
    "description": "c424cc0068b7433893168388e051be17.jpg.png",
    "order": 267,
    "id": "img_1745027962239_268"
  },
  {
    "filename": "8602943-product_image-2085670_960x.jpg.webp",
    "description": "8602943-product_image-2085670_960x.jpg.webp",
    "order": 268,
    "id": "img_1745027962239_269"
  },
  {
    "filename": "8615913-product_image-2271682_960x.jpg.webp",
    "description": "8615913-product_image-2271682_960x.jpg.webp",
    "order": 269,
    "id": "img_1745027962239_270"
  },
  {
    "filename": "8589234-product_image-1767628_960x.jpg.webp",
    "description": "8589234-product_image-1767628_960x.jpg.webp",
    "order": 270,
    "id": "img_1745027962239_271"
  },
  {
    "filename": "fcb1ba5e-7308-47e1-8f93-705bb6bd777f.jpg",
    "description": "fcb1ba5e-7308-47e1-8f93-705bb6bd777f.jpg",
    "order": 271,
    "id": "img_1745027962239_272"
  },
  {
    "filename": "Äpplarö.jpg",
    "description": "Äpplarö.jpg",
    "order": 272,
    "id": "img_1745027962239_273"
  },
  {
    "filename": "PS VÅGÖ.jpg",
    "description": "PS VÅGÖ.jpg",
    "order": 273,
    "id": "img_1745027962239_274"
  },
  {
    "filename": "8356245-product_image-166923_960x.jpg.webp",
    "description": "8356245-product_image-166923_960x.jpg.webp",
    "order": 274,
    "id": "img_1745027962239_275"
  },
  {
    "filename": "71y0YL9KLEL._AC_SL1500_.jpg",
    "description": "71y0YL9KLEL._AC_SL1500_.jpg",
    "order": 275,
    "id": "img_1745027962239_276"
  },
  {
    "filename": "lange_xt100_ski_bt_wht_anthracite_15.jpg",
    "description": "lange_xt100_ski_bt_wht_anthracite_15.jpg",
    "order": 276,
    "id": "img_1745027962239_277"
  },
  {
    "filename": "Apex 4 Ski and Snowboard Roof Rack.jpg",
    "description": "Apex 4 Ski and Snowboard Roof Rack.jpg",
    "order": 277,
    "id": "img_1745027962239_278"
  },
  {
    "filename": "on-cloudflow-running-shoes.jpg",
    "description": "on-cloudflow-running-shoes.jpg",
    "order": 278,
    "id": "img_1745027962239_279"
  },
  {
    "filename": "340026_source_1628627531.jpg",
    "description": "340026_source_1628627531.jpg",
    "order": 279,
    "id": "img_1745027962239_280"
  },
  {
    "filename": "888392279682_frogskins_matte-brown-tortoise-prizm-tungsten_main_046.png.avif",
    "description": "888392279682_frogskins_matte-brown-tortoise-prizm-tungsten_main_046.png.avif",
    "order": 280,
    "id": "img_1745027962239_282"
  },
  {
    "filename": "8615943-product_image-2482151_960x.jpg.webp",
    "description": "8615943-product_image-2482151_960x.jpg.webp",
    "order": 281,
    "id": "img_1745027962239_283"
  },
  {
    "filename": "51-JGrIbfBL._AC_SL1500_.jpg",
    "description": "51-JGrIbfBL._AC_SL1500_.jpg",
    "order": 282,
    "id": "img_1745027962239_284"
  },
  {
    "filename": "61RixxMa3GL._AC_SL1464_.jpg",
    "description": "61RixxMa3GL._AC_SL1464_.jpg",
    "order": 283,
    "id": "img_1745027962239_285"
  },
  {
    "filename": "51YXd8iYD-L._AC_SL1200_.jpg",
    "description": "51YXd8iYD-L._AC_SL1200_.jpg",
    "order": 284,
    "id": "img_1745027962239_286"
  },
  {
    "filename": "81VFqFOuLyL._AC_SL1500_.jpg",
    "description": "81VFqFOuLyL._AC_SL1500_.jpg",
    "order": 285,
    "id": "img_1745027962239_287"
  },
  {
    "filename": "OIF3gyPDbT-9403-0.jpg.webp",
    "description": "OIF3gyPDbT-9403-0.jpg.webp",
    "order": 286,
    "id": "img_1745027962239_288"
  },
  {
    "filename": "ZodpVlL0PR-46d3-0.jpg.webp",
    "description": "ZodpVlL0PR-46d3-0.jpg.webp",
    "order": 287,
    "id": "img_1745027962239_289"
  },
  {
    "filename": "sWYFBexjYl-e421-0-timed-sequence.jpg.webp",
    "description": "sWYFBexjYl-e421-0-timed-sequence.jpg.webp",
    "order": 288,
    "id": "img_1745027962239_290"
  },
  {
    "filename": "ErbfNLBNxx-bf41-0-timed-sequence.jpg.webp",
    "description": "ErbfNLBNxx-bf41-0-timed-sequence.jpg.webp",
    "order": 289,
    "id": "img_1745027962239_291"
  },
  {
    "filename": "74eGen3L7L-9263-single.jpg.webp",
    "description": "74eGen3L7L-9263-single.jpg.webp",
    "order": 290,
    "id": "img_1745027962239_292"
  },
  {
    "filename": "HlMZJcMA0G-8b84-0.jpg.webp",
    "description": "HlMZJcMA0G-8b84-0.jpg.webp",
    "order": 291,
    "id": "img_1745027962239_293"
  },
  {
    "filename": "imtrfxDZCm-0019-0.jpg.webp",
    "description": "imtrfxDZCm-0019-0.jpg.webp",
    "order": 292,
    "id": "img_1745027962239_294"
  },
  {
    "filename": "cdo3UQh60s-fc3b-0.jpg.webp",
    "description": "cdo3UQh60s-fc3b-0.jpg.webp",
    "order": 293,
    "id": "img_1745027962239_295"
  },
  {
    "filename": "AB3dK0ldGJ-65f5-0.jpg.webp",
    "description": "AB3dK0ldGJ-65f5-0.jpg.webp",
    "order": 294,
    "id": "img_1745027962239_296"
  },
  {
    "filename": "M5VrOvEYL9-1b0c-0-timed-sequence.jpg.webp",
    "description": "M5VrOvEYL9-1b0c-0-timed-sequence.jpg.webp",
    "order": 295,
    "id": "img_1745027962239_297"
  },
  {
    "filename": "wQiI0EmPDZ-735f-0-timed-sequence.jpg.webp",
    "description": "wQiI0EmPDZ-735f-0-timed-sequence.jpg.webp",
    "order": 296,
    "id": "img_1745027962239_298"
  },
  {
    "filename": "TozvDFMObJ-7604-0.jpg.webp",
    "description": "TozvDFMObJ-7604-0.jpg.webp",
    "order": 297,
    "id": "img_1745027962239_299"
  },
  {
    "filename": "xwXYYN0HnB-d119-0-timed-sequence.jpg.webp",
    "description": "xwXYYN0HnB-d119-0-timed-sequence.jpg.webp",
    "order": 298,
    "id": "img_1745027962239_300"
  },
  {
    "filename": "512gmQW1MFL._AC_SL1500_.jpg",
    "description": "512gmQW1MFL._AC_SL1500_.jpg",
    "order": 299,
    "id": "img_1745027962239_303"
  },
  {
    "filename": "51+6IoxZZXL._AC_SL1500_.jpg",
    "description": "51+6IoxZZXL._AC_SL1500_.jpg",
    "order": 300,
    "id": "img_1745027962239_304"
  },
  {
    "filename": "71tQmsc9kHL._AC_UY741_.jpg",
    "description": "71tQmsc9kHL._AC_UY741_.jpg",
    "order": 301,
    "id": "img_1745027962239_305"
  },
  {
    "filename": "51Zv7tgpPgL._AC_SL1000_.jpg",
    "description": "51Zv7tgpPgL._AC_SL1000_.jpg",
    "order": 302,
    "id": "img_1745027962239_306"
  },
  {
    "filename": "61YpD9Dm+kS._SL1500_.jpg",
    "description": "61YpD9Dm+kS._SL1500_.jpg",
    "order": 303,
    "id": "img_1745027962239_307"
  },
  {
    "filename": "81mREVtgsvL._AC_UY741_.jpg",
    "description": "81mREVtgsvL._AC_UY741_.jpg",
    "order": 304,
    "id": "img_1745027962239_308"
  },
  {
    "filename": "61xM5RtX4sL._AC_SL1500_.jpg",
    "description": "61xM5RtX4sL._AC_SL1500_.jpg",
    "order": 305,
    "id": "img_1745027962239_309"
  },
  {
    "filename": "610IXXiq1+L._AC_SL1500_.jpg",
    "description": "610IXXiq1+L._AC_SL1500_.jpg",
    "order": 306,
    "id": "img_1745027962239_310"
  },
  {
    "filename": "71DmT9ZuOuL._AC_SL1500_.jpg",
    "description": "71DmT9ZuOuL._AC_SL1500_.jpg",
    "order": 307,
    "id": "img_1745027962239_311"
  },
  {
    "filename": "61p7F91DB8L._AC_SL1000_.jpg",
    "description": "61p7F91DB8L._AC_SL1000_.jpg",
    "order": 308,
    "id": "img_1745027962239_312"
  },
  {
    "filename": "72208-302.jpg",
    "description": "72208-302.jpg",
    "order": 309,
    "id": "img_1745027962239_313"
  },
  {
    "filename": "Nite IZE S-Biner Dual Carabiner.jpg",
    "description": "Nite IZE S-Biner Dual Carabiner.jpg",
    "order": 310,
    "id": "img_1745027962239_314"
  },
  {
    "filename": "Quechua Fresh Base Living Area Camping Shelter 10 Person Sale price $100.jpg",
    "description": "Quechua Fresh Base Living Area Camping Shelter 10 Person Sale price $100.jpg",
    "order": 311,
    "id": "img_1745027962239_315"
  },
  {
    "filename": "Euhomy Car Refrigerator 55Liter(59qt) RV Refrigerator with 12V DC 110-240V.jpg",
    "description": "Euhomy Car Refrigerator 55Liter(59qt) RV Refrigerator with 12V DC 110-240V.jpg",
    "order": 312,
    "id": "img_1745027962239_316"
  },
  {
    "filename": "RoadR 900 成人光致变色骑行太阳镜- 黑色8648847 ￥399.jpg",
    "description": "RoadR 900 成人光致变色骑行太阳镜- 黑色8648847 ￥399.jpg",
    "order": 313,
    "id": "img_1745027962239_317"
  },
  {
    "filename": "VAN RYSEL 成人高清晰度骑行太阳镜- Road R920 8642665 ￥499.jpg",
    "description": "VAN RYSEL 成人高清晰度骑行太阳镜- Road R920 8642665 ￥499.jpg",
    "order": 314,
    "id": "img_1745027962239_318"
  },
  {
    "filename": "BTWIN 城市骑行运动雨衣560夜晚可视- 霓虹黄_黑色 8609564.jpg",
    "description": "BTWIN 城市骑行运动雨衣560夜晚可视- 霓虹黄:黑色 8609564 ￥249.jpg",
    "order": 315,
    "id": "img_1745027962239_319"
  },
  {
    "filename": "616Rb45Yh7L._AC_SX535_.jpg",
    "description": "616Rb45Yh7L._AC_SX535_.jpg",
    "order": 316,
    "id": "img_1745027962239_320"
  },
  {
    "filename": "51S1uaBZtqL._AC_SY535_.jpg",
    "description": "51S1uaBZtqL._AC_SY535_.jpg",
    "order": 317,
    "id": "img_1745027962239_321"
  },
  {
    "filename": "7162lG3wgIL._AC_SL1500_.jpg",
    "description": "7162lG3wgIL._AC_SL1500_.jpg",
    "order": 318,
    "id": "img_1745027962239_322"
  },
  {
    "filename": "71S8VJs2TVL._SL1000_.jpg",
    "description": "71S8VJs2TVL._SL1000_.jpg",
    "order": 319,
    "id": "img_1745027962239_323"
  },
  {
    "filename": "51GOPIW+scL._AC_SL1000_.jpg",
    "description": "51GOPIW+scL._AC_SL1000_.jpg",
    "order": 320,
    "id": "img_1745027962239_324"
  },
  {
    "filename": "ALL-IN-ONE COFFEE MAKERS Coffee & Espresso Maker BCO430.avif",
    "description": "ALL-IN-ONE COFFEE MAKERS Coffee & Espresso Maker BCO430.avif",
    "order": 321,
    "id": "img_1745027962239_325"
  },
  {
    "filename": "Thule Tepui Explorer Kukenam 3 Rooftop Tent - 3 Person - 600 lbs - Olive  Green.jpg",
    "description": "Thule Tepui Explorer Kukenam 3 Rooftop Tent - 3 Person - 600 lbs - Olive  Green.jpg",
    "order": 322,
    "id": "img_1745027962239_326"
  },
  {
    "filename": "ecoflow-us-ecoflow-river-2-pro-portable-power-station-30042784006217_2000x.webp",
    "description": "ecoflow-us-ecoflow-river-2-pro-portable-power-station-30042784006217_2000x.webp",
    "order": 323,
    "id": "img_1745027962239_327"
  },
  {
    "filename": "IKEA Övre kids bed.png",
    "description": "IKEA Övre kids bed.png",
    "order": 324,
    "id": "img_1745027962239_328"
  },
  {
    "filename": "Teva Men's Original Universal Urban Sandal.jpg",
    "description": "Teva Men's Original Universal Urban Sandal.jpg",
    "order": 325,
    "id": "img_1745027962239_329"
  },
  {
    "filename": "Zulay Kitchen Premium Garlic Press Set.jpg",
    "description": "Zulay Kitchen Premium Garlic Press Set.jpg",
    "order": 326,
    "id": "img_1745027962239_330"
  },
  {
    "id": "blank_1745028684958_1",
    "filename": "blank_dots3.jpg",
    "description": "Blank 2",
    "order": 327
  },
  {
    "filename": "Polarn O. Pyret Overall, Strl- 104.jpg.webp",
    "description": "Polarn O. Pyret Overall, Strl- 104.jpg.webp",
    "order": 328,
    "id": "img_1745027962239_331"
  },
  {
    "filename": "xnYFXYmFQQ-b60d-0.jpg.webp",
    "description": "xnYFXYmFQQ-b60d-0.jpg.webp",
    "order": 329,
    "id": "img_1745027962239_332"
  },
  {
    "filename": "LaS5NFsU2O-4b58-0.jpg.webp",
    "description": "LaS5NFsU2O-4b58-0.jpg.webp",
    "order": 330,
    "id": "img_1745027962239_333"
  },
  {
    "filename": "wmEoRKpGXp-dcab-0.webp",
    "description": "wmEoRKpGXp-dcab-0.webp",
    "order": 331,
    "id": "img_1745027962239_334"
  },
  {
    "filename": "bjHGpYwypY-f0e7-0.webp",
    "description": "bjHGpYwypY-f0e7-0.webp",
    "order": 332,
    "id": "img_1745027962239_335"
  },
  {
    "filename": "y6QWVi4YIT-7b39-0.webp",
    "description": "y6QWVi4YIT-7b39-0.webp",
    "order": 333,
    "id": "img_1745027962239_336"
  },
  {
    "filename": "V2Wv2bBhDB-4ac8-0.webp",
    "description": "V2Wv2bBhDB-4ac8-0.webp",
    "order": 334,
    "id": "img_1745027962239_337"
  },
  {
    "filename": "kL8nCfmVJR-c4a9-0.webp",
    "description": "kL8nCfmVJR-c4a9-0.webp",
    "order": 335,
    "id": "img_1745027962239_338"
  },
  {
    "filename": "hhzUBVXQJT-06d7-0.webp",
    "description": "hhzUBVXQJT-06d7-0.webp",
    "order": 336,
    "id": "img_1745027962239_339"
  },
  {
    "filename": "VE1M25ylWA-3138-0.webp",
    "description": "VE1M25ylWA-3138-0.webp",
    "order": 337,
    "id": "img_1745027962239_340"
  },
  {
    "id": "blank_1745027603268_0",
    "filename": "blank_dots3.jpg",
    "description": "Blank 1",
    "order": 338
  },
  {
    "filename": "bollsidan-laptop-stand-white__1163783_pe890330_s5.avif",
    "description": "bollsidan-laptop-stand-white__1163783_pe890330_s5.avif",
    "order": 339,
    "id": "img_1745027962239_341"
  },
  {
    "filename": "grusnarv-waterproof-mattress-protector__0790191_pe764297_s5.avif",
    "description": "grusnarv-waterproof-mattress-protector__0790191_pe764297_s5.avif",
    "order": 340,
    "id": "img_1745027962239_342"
  },
  {
    "filename": "vippstarr-tablecloth-stripe-pattern-red-natural__1174492_pe894510_s5.avif",
    "description": "vippstarr-tablecloth-stripe-pattern-red-natural__1174492_pe894510_s5.avif",
    "order": 341,
    "id": "img_1745027962239_343"
  },
  {
    "filename": "knoppaeng-frame-black__0638253_pe698803_s5.webp",
    "description": "knoppaeng-frame-black__0638253_pe698803_s5.webp",
    "order": 342,
    "id": "img_1745027962239_344"
  },
  {
    "filename": "61GAAUjjO6L._AC_SL1500_.jpg",
    "description": "61GAAUjjO6L._AC_SL1500_.jpg",
    "order": 343,
    "id": "img_1745027962239_345"
  },
  {
    "filename": "51Obz5allIL._AC_SL1500_.jpg",
    "description": "51Obz5allIL._AC_SL1500_.jpg",
    "order": 344,
    "id": "img_1745027962239_346"
  },
  {
    "filename": "415RKsrYJDL._AC_SL1000_.jpg",
    "description": "415RKsrYJDL._AC_SL1000_.jpg",
    "order": 345,
    "id": "img_1745027962239_363"
  },
  {
    "filename": "31CQDv6tZbL._AC_SL1000_.jpg",
    "description": "31CQDv6tZbL._AC_SL1000_.jpg",
    "order": 346,
    "id": "img_1745027962239_368"
  },
  {
    "filename": "51sflPKpifS._AC_SL1500_.jpg",
    "description": "51sflPKpifS._AC_SL1500_.jpg",
    "order": 347,
    "id": "img_1745027962239_347"
  },
  {
    "filename": "81Mdjwh3l-L._AC_SL1500_.jpg",
    "description": "81Mdjwh3l-L._AC_SL1500_.jpg",
    "order": 348,
    "id": "img_1745027962239_348"
  },
  {
    "filename": "61f6yhQHOQL._SL1500_.jpg",
    "description": "61f6yhQHOQL._SL1500_.jpg",
    "order": 349,
    "id": "img_1745027962239_349"
  },
  {
    "filename": "81jpjO+g4bL._AC_SL1500_.jpg",
    "description": "81jpjO+g4bL._AC_SL1500_.jpg",
    "order": 350,
    "id": "img_1745027962239_350"
  },
  {
    "filename": "51hlJLOHgML._AC_SL1500_.jpg",
    "description": "51hlJLOHgML._AC_SL1500_.jpg",
    "order": 351,
    "id": "img_1745027962239_351"
  },
  {
    "filename": "0000289_yakima-loadwarrior-3.jpeg",
    "description": "0000289_yakima-loadwarrior-3.jpeg",
    "order": 352,
    "id": "img_1745027962239_353"
  },
  {
    "filename": "819wEqzM0rL._AC_SL1500_.jpg",
    "description": "819wEqzM0rL._AC_SL1500_.jpg",
    "order": 353,
    "id": "img_1745027962239_354"
  },
  {
    "filename": "71eoTSHwRVL._AC_SL1500_.jpg",
    "description": "71eoTSHwRVL._AC_SL1500_.jpg",
    "order": 354,
    "id": "img_1745027962239_355"
  },
  {
    "filename": "olseroed-side-table-anthracite-birch-effect-dark-yellow__1150822_pe884680_s5.avif",
    "description": "olseroed-side-table-anthracite-birch-effect-dark-yellow__1150822_pe884680_s5.avif",
    "order": 355,
    "id": "img_1745027962239_356"
  },
  {
    "filename": "tiphede-rug-flatwoven-black-natural__0772070_pe755883_s5.avif",
    "description": "tiphede-rug-flatwoven-black-natural__0772070_pe755883_s5.avif",
    "order": 356,
    "id": "img_1745027962239_357"
  },
  {
    "filename": "finmat-spatula-stainless-steel__1172647_pe893414_s5.avif",
    "description": "finmat-spatula-stainless-steel__1172647_pe893414_s5.avif",
    "order": 357,
    "id": "img_1745027962239_358"
  },
  {
    "filename": "fabler-3-piece-flatware-set-stainless-steel__0711359_pe728202_s5.avif",
    "description": "fabler-3-piece-flatware-set-stainless-steel__0711359_pe728202_s5.avif",
    "order": 358,
    "id": "img_1745027962239_359"
  },
  {
    "filename": "roert-wok-turner-beech__0956512_pe804696_s5.avif",
    "description": "roert-wok-turner-beech__0956512_pe804696_s5.avif",
    "order": 359,
    "id": "img_1745027962239_360"
  },
  {
    "filename": "71VA98fL73L._AC_SL1500_.jpg",
    "description": "71VA98fL73L._AC_SL1500_.jpg",
    "order": 360,
    "id": "img_1745027962239_374"
  },
  {
    "filename": "81HpuyklmQL._AC_SL1500_.jpg",
    "description": "81HpuyklmQL._AC_SL1500_.jpg",
    "order": 361,
    "id": "img_1745027962239_362"
  },
  {
    "filename": "cw2025_51603bde-9f72-45a3-a4c3-c888f3e89e29_1_1194x.webp",
    "description": "cw2025_51603bde-9f72-45a3-a4c3-c888f3e89e29_1_1194x.webp",
    "order": 362,
    "id": "img_1745027962239_361"
  },
  {
    "filename": "71IhvPizKAL._AC_SL1500_.jpg",
    "description": "71IhvPizKAL._AC_SL1500_.jpg",
    "order": 363,
    "id": "img_1745027962239_364"
  },
  {
    "filename": "51kIgtM5ePL._AC_SL1500_.jpg",
    "description": "51kIgtM5ePL._AC_SL1500_.jpg",
    "order": 364,
    "id": "img_1745027962239_365"
  },
  {
    "filename": "714x1t8YuSL._AC_SL1500_.jpg",
    "description": "714x1t8YuSL._AC_SL1500_.jpg",
    "order": 365,
    "id": "img_1745027962239_366"
  },
  {
    "filename": "original-3.png",
    "description": "original-3.png",
    "order": 366,
    "id": "img_1745027962239_367"
  },
  {
    "filename": "61oAIUBMSOL._AC_SL1500_.jpg",
    "description": "61oAIUBMSOL._AC_SL1500_.jpg",
    "order": 367,
    "id": "img_1745027962239_369"
  },
  {
    "filename": "61fHyD1lG8L._AC_SL1500_.jpg",
    "description": "61fHyD1lG8L._AC_SL1500_.jpg",
    "order": 368,
    "id": "img_1745027962239_370"
  },
  {
    "filename": "71XY8OekuZL._AC_SL1500_.jpg",
    "description": "71XY8OekuZL._AC_SL1500_.jpg",
    "order": 369,
    "id": "img_1745027962239_371"
  },
  {
    "filename": "A1A7C5SaSEL._AC_SL1500_.jpg",
    "description": "A1A7C5SaSEL._AC_SL1500_.jpg",
    "order": 370,
    "id": "img_1745027962239_372"
  },
  {
    "filename": "81197D2TRJL._AC_SL1500_.jpg",
    "description": "81197D2TRJL._AC_SL1500_.jpg",
    "order": 371,
    "id": "img_1745027962239_373"
  },
  {
    "filename": "513XGnFR0hL._SL1500_.jpg",
    "description": "513XGnFR0hL._SL1500_.jpg",
    "order": 372,
    "id": "img_1745027962239_375"
  },
  {
    "filename": "whwdvjmsewl3occky6la.webp",
    "description": "whwdvjmsewl3occky6la.png",
    "order": 373,
    "id": "img_1745027962239_376"
  },
  {
    "filename": "Stan_Smith_Shoes_White_FX7524_01_standard.avif",
    "description": "Stan_Smith_Shoes_White_FX7524_01_standard.avif",
    "order": 374,
    "id": "img_1745027962239_377"
  },
  {
    "filename": "Stan_Smith_Decon_Shoes_White_IE9118_01_standard.avif",
    "description": "Stan_Smith_Decon_Shoes_White_IE9118_01_standard.avif",
    "order": 375,
    "id": "img_1745027962239_378"
  },
  {
    "id": "blank_1745169175876_1",
    "filename": "blank_dots3.jpg",
    "description": "Blank 2",
    "order": 376
  },
  {
    "filename": "61oTvfjGp7L._AC_SL1200_.jpg",
    "description": "61oTvfjGp7L._AC_SL1200_.jpg",
    "order": 377,
    "id": "img_1745027962239_379"
  },
  {
    "filename": "51bGLwjEBIL._AC_SL1500_.jpg",
    "description": "51bGLwjEBIL._AC_SL1500_.jpg",
    "order": 378,
    "id": "img_1745027962239_380"
  },
  {
    "filename": "2cfd027b-37e2-4061-9a59-25fb8acaba35.jpeg",
    "description": "2cfd027b-37e2-4061-9a59-25fb8acaba35.jpeg",
    "order": 379,
    "id": "img_1745027962239_388"
  },
  {
    "filename": "BR7824.webp",
    "description": "Cloudvista Waterproof, Zinc/Grape",
    "order": 380,
    "id": "img_1745027962239_382"
  },
  {
    "id": "blank_1745156723799_3",
    "filename": "blank_dots3.jpg",
    "description": "Blank 4",
    "order": 381
  },
  {
    "filename": "81CWlqdrm1L._AC_SL1500_.jpg",
    "description": "81CWlqdrm1L._AC_SL1500_.jpg",
    "order": 382,
    "id": "img_1745027962239_381"
  },
  {
    "filename": "GUEST_f05d5fd0-a641-448b-a25b-ed0f9f0b253a.webp",
    "description": "GUEST_f05d5fd0-a641-448b-a25b-ed0f9f0b253a.webp",
    "order": 383,
    "id": "img_1745027962239_383"
  },
  {
    "filename": "GUEST_12a08cf0-f57a-4058-99a4-35c9005aa282.webp",
    "description": "GUEST_12a08cf0-f57a-4058-99a4-35c9005aa282.webp",
    "order": 384,
    "id": "img_1745027962239_384"
  },
  {
    "filename": "GUEST_57c16a0e-bb58-4a1b-a82f-f0b9640cd131.webp",
    "description": "GUEST_57c16a0e-bb58-4a1b-a82f-f0b9640cd131.webp",
    "order": 385,
    "id": "img_1745027962239_385"
  },
  {
    "filename": "GUEST_3907b126-ab23-48e5-9760-e1bc9ec26742.webp",
    "description": "GUEST_3907b126-ab23-48e5-9760-e1bc9ec26742.webp",
    "order": 386,
    "id": "img_1745027962239_386"
  },
  {
    "id": "blank_1745156723799_2",
    "filename": "blank_dots3.jpg",
    "description": "Blank 3",
    "order": 387
  },
  {
    "id": "blank_1745169175876_4",
    "filename": "blank_dots3.jpg",
    "description": "Blank 5",
    "order": 388
  },
  {
    "id": "2de7d2ac-d4ce-4555-bb1f-ccc2f1689aef",
    "filename": "cd0b61a1-e4c8-4e52-9148-77efeb34bd94.webp",
    "description": "Custom Baffle Door Speed the Temperature UP 70% Safe Gas Fit For Solo Stoven PI / Prime Oven Steinless Steel Heat Trapper Door | $69.67",
    "order": 389
  },
  {
    "filename": "71VgHcCCUAL._AC_UF894,1000_QL80_.jpg",
    "description": "71VgHcCCUAL._AC_UF894,1000_QL80_.jpg",
    "order": 390,
    "id": "img_1745027962239_389"
  },
  {
    "filename": "41823q6YLvL._AC_SL1500_.jpg",
    "description": "41823q6YLvL._AC_SL1500_.jpg",
    "order": 391,
    "id": "img_1745027962240_417"
  },
  {
    "id": "blank_1745169175876_3",
    "filename": "blank_dots3.jpg",
    "description": "Blank 4",
    "order": 392
  },
  {
    "filename": "71dqw88X0NL._AC_SL1500_.jpg",
    "description": "71dqw88X0NL._AC_SL1500_.jpg",
    "order": 393,
    "id": "img_1745027962239_390"
  },
  {
    "id": "blank_1745169175876_2",
    "filename": "blank_dots3.jpg",
    "description": "Blank 3",
    "order": 394
  },
  {
    "filename": "51QYKBjuqqL._AC_SL1500_.jpg",
    "description": "51QYKBjuqqL._AC_SL1500_.jpg",
    "order": 395,
    "id": "img_1745027962239_391"
  },
  {
    "filename": "61rRH3QtyRL._AC_SL1500_.jpg",
    "description": "61rRH3QtyRL._AC_SL1500_.jpg",
    "order": 396,
    "id": "img_1745027962239_392"
  },
  {
    "filename": "61otWZcLWgL._AC_SL1500_.jpg",
    "description": "61otWZcLWgL._AC_SL1500_.jpg",
    "order": 397,
    "id": "img_1745027962239_393"
  },
  {
    "filename": "Aroma+Select+Stainless+Rice+Cooker,+4-cup+(uncooked)+_+8-cup+(cooked),+Stainless+Steel+Inner+Pot,+Multicooker,+Steamer,+2+Qt.webp",
    "description": "Aroma+Select+Stainless+Rice+Cooker,+4-cup+(uncooked)+_+8-cup+(cooked),+Stainless+Steel+Inner+Pot,+Multicooker,+Steamer,+2+Qt.webp",
    "order": 398,
    "id": "img_1745027962240_432"
  },
  {
    "filename": "gulkavle-pillow-high__0789265_pe763892_s5.avif",
    "description": "gulkavle-pillow-high__0789265_pe763892_s5.avif",
    "order": 399,
    "id": "img_1745027962239_394"
  },
  {
    "filename": "oevning-multifunctional-ergonomic-footrest__1160222_pe888810_s5.avif",
    "description": "oevning-multifunctional-ergonomic-footrest__1160222_pe888810_s5.avif",
    "order": 400,
    "id": "img_1745027962239_395"
  },
  {
    "filename": "skogsduva-storage-bag-forest-animal-pattern-multicolor__1294240_pe935379_s5.avif",
    "description": "skogsduva-storage-bag-forest-animal-pattern-multicolor__1294240_pe935379_s5.avif",
    "order": 401,
    "id": "img_1745027962240_396"
  },
  {
    "filename": "ikea-365-jar-round-glass__0719211_pe731926_s5.avif",
    "description": "ikea-365-jar-round-glass__0719211_pe731926_s5.avif",
    "order": 402,
    "id": "img_1745027962240_397"
  },
  {
    "filename": "roedalm-frame-black__1251183_pe924161_s5.avif",
    "description": "roedalm-frame-black__1251183_pe924161_s5.avif",
    "order": 403,
    "id": "img_1745027962240_398"
  },
  {
    "filename": "korken-jar-with-lid-clear-glass__0713739_pe729738_s5.avif",
    "description": "korken-jar-with-lid-clear-glass__0713739_pe729738_s5.avif",
    "order": 404,
    "id": "img_1745027962240_399"
  },
  {
    "filename": "karaff-carafe-clear-glass__0711268_pe728106_s5.avif",
    "description": "karaff-carafe-clear-glass__0711268_pe728106_s5.avif",
    "order": 405,
    "id": "img_1745027962240_400"
  },
  {
    "filename": "trofast-storage-box-white__0642579_pe701273_s5.avif",
    "description": "trofast-storage-box-white__0642579_pe701273_s5.avif",
    "order": 406,
    "id": "img_1745027962240_401"
  },
  {
    "filename": "snoeskyffel-shoehorn-bright-red__1128593_pe876635_s5.avif",
    "description": "snoeskyffel-shoehorn-bright-red__1128593_pe876635_s5.avif",
    "order": 407,
    "id": "img_1745027962240_402"
  },
  {
    "filename": "aptitlig-butcher-block-bamboo__1377019_pe960685_s5.avif",
    "description": "aptitlig-butcher-block-bamboo__1377019_pe960685_s5.avif",
    "order": 408,
    "id": "img_1745027962240_403"
  },
  {
    "filename": "lanespelare-cup-holder-ash-veneer__1248932_pe923290_s5.avif",
    "description": "lanespelare-cup-holder-ash-veneer__1248932_pe923290_s5.avif",
    "order": 409,
    "id": "img_1745027962240_404"
  },
  {
    "filename": "naevlinge-led-clamp-spotlight-white__0710474_pe727575_s5.avif",
    "description": "naevlinge-led-clamp-spotlight-white__0710474_pe727575_s5.avif",
    "order": 410,
    "id": "img_1745027962240_405"
  },
  {
    "filename": "bondtolvan-alarm-clock-digital-green__1100001_pe866033_s5.avif",
    "description": "bondtolvan-alarm-clock-digital-green__1100001_pe866033_s5.avif",
    "order": 411,
    "id": "img_1745027962240_406"
  },
  {
    "filename": "aftonsparv-soft-toy-alien-green__1185115_pe898265_s5.avif",
    "description": "aftonsparv-soft-toy-alien-green__1185115_pe898265_s5.avif",
    "order": 412,
    "id": "img_1745027962240_407"
  },
  {
    "filename": "fjantig-hook-black__0710517_pe727612_s5.avif",
    "description": "fjantig-hook-black__0710517_pe727612_s5.avif",
    "order": 413,
    "id": "img_1745027962240_408"
  },
  {
    "filename": "uppdatera-box-light-pink__1214981_pe911798_s5.avif",
    "description": "uppdatera-box-light-pink__1214981_pe911798_s5.avif",
    "order": 414,
    "id": "img_1745027962240_409"
  },
  {
    "filename": "odger-swivel-chair-white-beige__0734069_pe739278_s5.avif",
    "description": "odger-swivel-chair-white-beige__0734069_pe739278_s5.avif",
    "order": 415,
    "id": "img_1745027962240_410"
  },
  {
    "filename": "W-DWR_6402_117968_walnut_f-tif.avif",
    "description": "W-DWR_6402_117968_walnut_f-tif.avif",
    "order": 416,
    "id": "img_1745027962240_411"
  },
  {
    "filename": "trofast-wall-storage-light-white-stained-pine__0642802_pe701448_s5.avif",
    "description": "trofast-wall-storage-light-white-stained-pine__0642802_pe701448_s5.avif",
    "order": 417,
    "id": "img_1745027962240_412"
  },
  {
    "filename": "tekton-hex-key-sets-klx91202-64_600.avif",
    "description": "tekton-hex-key-sets-klx91202-64_600.avif",
    "order": 418,
    "id": "img_1745027962240_413"
  },
  {
    "id": "blank_1745169653741_4",
    "filename": "blank_dots3.jpg",
    "description": "Blank 5",
    "order": 419
  },
  {
    "id": "blank_1745028684958_0",
    "filename": "blank_dots3.jpg",
    "description": "Blank 1",
    "order": 420
  },
  {
    "filename": "71Wut1fPRpL._AC_SL1500_.jpg",
    "description": "71Wut1fPRpL._AC_SL1500_.jpg",
    "order": 421,
    "id": "img_1745027962239_302"
  },
  {
    "filename": "61sWLe4G01L._AC_SL1500_.jpg",
    "description": "61sWLe4G01L._AC_SL1500_.jpg",
    "order": 422,
    "id": "img_1745027962240_414"
  },
  {
    "filename": "61Z5x-MhZJL._AC_SL1500_.jpg",
    "description": "61Z5x-MhZJL._AC_SL1500_.jpg",
    "order": 423,
    "id": "img_1745027962240_415"
  },
  {
    "filename": "61KRLunerjS._AC_SL1500_.jpg",
    "description": "61KRLunerjS._AC_SL1500_.jpg",
    "order": 424,
    "id": "img_1745027962240_416"
  },
  {
    "filename": "71k3kYyzfSL._AC_SL1500_.jpg",
    "description": "71k3kYyzfSL._AC_SL1500_.jpg",
    "order": 425,
    "id": "img_1745027962240_418"
  },
  {
    "filename": "michelin_x-ice-snow_rt1q_202410240852.jpg",
    "description": "michelin_x-ice-snow_rt1q_202410240852.jpg",
    "order": 426,
    "id": "img_1745027962240_420"
  },
  {
    "filename": "b0ddebe0-c6e0-45b8-88c1-51f7179646eb.webp",
    "description": "b0ddebe0-c6e0-45b8-88c1-51f7179646eb.webp",
    "order": 427,
    "id": "img_1745027962240_421"
  },
  {
    "filename": "71u6FH4x63L._AC_SL1500_.jpg",
    "description": "71u6FH4x63L._AC_SL1500_.jpg",
    "order": 428,
    "id": "img_1745027962240_422"
  },
  {
    "filename": "51qhTm3FRlL._AC_SX679_.jpg",
    "description": "51qhTm3FRlL._AC_SX679_.jpg",
    "order": 429,
    "id": "img_1745027962240_423"
  },
  {
    "id": "blank_1745027603268_3",
    "filename": "blank_dots3.jpg",
    "description": "Blank 4",
    "order": 430
  },
  {
    "filename": "6030998_BPS99__29650.avif",
    "description": "6030998_BPS99__29650.avif",
    "order": 431,
    "id": "img_1745027962240_426"
  },
  {
    "filename": "6026381_CTS07__93853.avif",
    "description": "6026381_CTS07__93853.avif",
    "order": 432,
    "id": "img_1745027962240_428"
  },
  {
    "filename": "6020554_BK000__69981.avif",
    "description": "6020554_BK000__69981.avif",
    "order": 433,
    "id": "img_1745027962240_425"
  },
  {
    "filename": "6026382_PPD07__52112.avif",
    "description": "6026382_PPD07__52112.avif",
    "order": 434,
    "id": "img_1745027962240_427"
  },
  {
    "filename": "6020553_BK000__38215.avif",
    "description": "6020553_BK000__38215.avif",
    "order": 435,
    "id": "img_1745027962240_429"
  },
  {
    "filename": "6020553_CME00__00855.avif",
    "description": "6020553_CME00__00855.avif",
    "order": 436,
    "id": "img_1745027962240_430"
  },
  {
    "filename": "6020555_NVY13__15015.avif",
    "description": "6020555_NVY13__15015.avif",
    "order": 437,
    "id": "img_1745027962240_431"
  },
  {
    "id": "blank_1745156723799_1",
    "filename": "blank_dots3.jpg",
    "description": "Blank 2",
    "order": 438
  },
  {
    "id": "blank_1745169175876_0",
    "filename": "blank_dots3.jpg",
    "description": "Blank 1",
    "order": 439
  },
  {
    "filename": "GUEST_b304a95f-8879-44cf-a5c4-51cbaba42c5e.webp",
    "description": "GUEST_b304a95f-8879-44cf-a5c4-51cbaba42c5e.webp",
    "order": 440,
    "id": "img_1745027962239_387"
  },
  {
    "filename": "swimming-goggles-clear-lenses-xbase-dye-100-pink.avif",
    "description": "swimming-goggles-clear-lenses-xbase-dye-100-pink.avif",
    "order": 441,
    "id": "img_1745027962240_433"
  },
  {
    "filename": "cycling-sunglasses-roadr-900-cat-3.avif",
    "description": "cycling-sunglasses-roadr-900-cat-3.avif",
    "order": 442,
    "id": "img_1745027962240_434"
  },
  {
    "filename": "tray-sled-trilugik.avif",
    "description": "tray-sled-trilugik.avif",
    "order": 443,
    "id": "img_1745027962240_435"
  },
  {
    "filename": "kids-hiking-sandals-mh-100-yellow.avif",
    "description": "kids-hiking-sandals-mh-100-yellow.avif",
    "order": 444,
    "id": "img_1745027962240_436"
  },
  {
    "filename": "play-3-kids-skates-blue-red.avif",
    "description": "play-3-kids-skates-blue-red.avif",
    "order": 445,
    "id": "img_1745027962240_437"
  },
  {
    "filename": "IMG_0431.AVIF",
    "description": "IMG_0431.AVIF",
    "order": 446,
    "id": "img_1745027962240_443"
  },
  {
    "filename": "71aWgByKrHL._AC_SL1500_.jpg",
    "description": "71aWgByKrHL._AC_SL1500_.jpg",
    "order": 447,
    "id": "img_1745027962240_470"
  },
  {
    "id": "blank_1745168985203_0",
    "filename": "blank_dots3.jpg",
    "description": "Blank 1",
    "order": 448
  },
  {
    "filename": "51IAPo4srjL._AC_SL1499_.jpg",
    "description": "51IAPo4srjL._AC_SL1499_.jpg",
    "order": 449,
    "id": "img_1745027962240_467"
  },
  {
    "filename": "OO9126F REEDMACE (A), GRY MT, RED PMZ.jpg",
    "description": "OO9126F REEDMACE (A), GRY MT, RED PMZ.jpg",
    "order": 450,
    "id": "img_1745027962240_471"
  },
  {
    "filename": "71NoZuBA-LL._AC_SX679_.jpg",
    "description": "71NoZuBA-LL._AC_SX679_.jpg",
    "order": 451,
    "id": "img_1745027962240_473"
  },
  {
    "filename": "IMG_0401.JPG",
    "description": "IMG_0401.JPG",
    "order": 452,
    "id": "img_1745027962240_460"
  },
  {
    "filename": "71LmN7FsaZL._AC_SL1500_.jpg",
    "description": "71LmN7FsaZL._AC_SL1500_.jpg",
    "order": 453,
    "id": "img_1745027962240_438"
  },
  {
    "filename": "71LKSq7g51L._AC_SL1500_.jpg",
    "description": "71LKSq7g51L._AC_SL1500_.jpg",
    "order": 454,
    "id": "img_1745027962240_439"
  },
  {
    "filename": "IMG_0407.WEBP",
    "description": "IMG_0407.WEBP",
    "order": 455,
    "id": "img_1745027962240_440"
  },
  {
    "id": "blank_1745156723799_0",
    "filename": "blank_dots3.jpg",
    "description": "Blank 1",
    "order": 456
  },
  {
    "id": "blank_1745169653741_2",
    "filename": "blank_dots3.jpg",
    "description": "Blank 3",
    "order": 457
  },
  {
    "filename": "IMG_0400.JPG",
    "description": "IMG_0400.JPG",
    "order": 458,
    "id": "img_1745027962240_463"
  },
  {
    "filename": "IMG_0429.AVIF",
    "description": "IMG_0429.AVIF",
    "order": 459,
    "id": "img_1745027962240_441"
  },
  {
    "filename": "IMG_0430.AVIF",
    "description": "IMG_0430.AVIF",
    "order": 460,
    "id": "img_1745027962240_442"
  },
  {
    "filename": "IMG_0434.AVIF",
    "description": "IMG_0434.AVIF",
    "order": 461,
    "id": "img_1745027962240_446"
  },
  {
    "filename": "IMG_0432.AVIF",
    "description": "IMG_0432.AVIF",
    "order": 462,
    "id": "img_1745027962240_444"
  },
  {
    "filename": "IMG_0433.AVIF",
    "description": "IMG_0433.AVIF",
    "order": 463,
    "id": "img_1745027962240_445"
  },
  {
    "id": "blank_1745028684958_4",
    "filename": "blank_dots3.jpg",
    "description": "Blank 5",
    "order": 464
  },
  {
    "filename": "71PbPaoP+-L._AC_SL1500_.jpg",
    "description": "71PbPaoP+-L._AC_SL1500_.jpg",
    "order": 465,
    "id": "img_1745027962240_448"
  },
  {
    "filename": "51gm0i94tDL._AC_SL1500_.jpg",
    "description": "51gm0i94tDL._AC_SL1500_.jpg",
    "order": 466,
    "id": "img_1745027962240_472"
  },
  {
    "filename": "61aHdCYdXPL._AC_SL1000_.jpg",
    "description": "61aHdCYdXPL._AC_SL1000_.jpg",
    "order": 467,
    "id": "img_1745027962240_468"
  },
  {
    "id": "blank_1745168985203_1",
    "filename": "blank_dots3.jpg",
    "description": "Blank 2",
    "order": 468
  },
  {
    "filename": "IMG_0399.JPG",
    "description": "IMG_0399.JPG",
    "order": 469,
    "id": "img_1745027962240_465"
  },
  {
    "filename": "F24-X000006638-Fission-SV-Glove-Tatsu-Pair.avif",
    "description": "F24-X000006638-Fission-SV-Glove-Tatsu-Pair.avif",
    "order": 470,
    "id": "img_1745027962240_424"
  },
  {
    "filename": "e970c785m beta ins rune__94926.webp",
    "description": "e970c785m beta ins rune__94926.webp",
    "order": 471,
    "id": "img_1745027962240_477"
  },
  {
    "filename": "F24-X000009101-Beta-Down-Parka-Black-Women-s-Flat.avif",
    "description": "F24-X000009101-Beta-Down-Parka-Black-Women-s-Flat.avif",
    "order": 472,
    "id": "img_1745027962240_419"
  },
  {
    "filename": "IMG_0396.WEBP",
    "description": "IMG_0396.WEBP",
    "order": 473,
    "id": "img_1745027962240_457"
  },
  {
    "filename": "IMG_0397.JPG",
    "description": "IMG_0397.JPG",
    "order": 474,
    "id": "img_1745027962240_464"
  },
  {
    "filename": "51d0aGiev5L._AC_SL1500_.jpg",
    "description": "51d0aGiev5L._AC_SL1500_.jpg",
    "order": 475,
    "id": "img_1745027962240_451"
  },
  {
    "filename": "LEGO-City-Blue-Monster-Truck-Off-Road-Toy-Playset-Driver-Minifigure-Imaginative-Toys-Kids-Fun-Gift-Boys-Girls-Aged-5-Plus-Mini-Truck-60402_477c1025-4acf-4e03-990c-ec14f5176472.63e3b9df206da3c781647d11a9d03696.webp",
    "description": "LEGO-City-Blue-Monster-Truck-Off-Road-Toy-Playset-Driver-Minifigure-Imaginative-Toys-Kids-Fun-Gift-Boys-Girls-Aged-5-Plus-Mini-Truck-60402_477c1025-4acf-4e03-990c-ec14f5176472.63e3b9df206da3c781647d11a9d03696.webp",
    "order": 476,
    "id": "img_1745027962240_452"
  },
  {
    "filename": "tillreda-portable-induction-cooktop-1-zone-white__0965512_pe809593_s5.avif",
    "description": "tillreda-portable-induction-cooktop-1-zone-white__0965512_pe809593_s5.avif",
    "order": 477,
    "id": "img_1745027962240_454"
  },
  {
    "filename": "61q9hmplGFL._AC_SL1500_.jpg",
    "description": "61q9hmplGFL._AC_SL1500_.jpg",
    "order": 478,
    "id": "img_1745027962240_455"
  },
  {
    "filename": "IMG_0402.JPG",
    "description": "IMG_0402.JPG",
    "order": 479,
    "id": "img_1745027962240_462"
  },
  {
    "filename": "611__89000.jpg",
    "description": "611__89000.jpg",
    "order": 480,
    "id": "img_1745027962240_459"
  },
  {
    "filename": "71o+lYNQ6WL._AC_SL1500_.jpg",
    "description": "71o+lYNQ6WL._AC_SL1500_.jpg",
    "order": 481,
    "id": "img_1745027962240_453"
  },
  {
    "filename": "61mtXow-ktL._AC_SL1500_.jpg",
    "description": "61mtXow-ktL._AC_SL1500_.jpg",
    "order": 482,
    "id": "img_1745027962240_450"
  },
  {
    "filename": "61bMNCeAUAL._AC_SL1500_.jpg",
    "description": "61bMNCeAUAL._AC_SL1500_.jpg",
    "order": 483,
    "id": "img_1745027962240_449"
  },
  {
    "filename": "GUEST_4821aabf-378b-4dc5-888e-569c3b94e307.webp",
    "description": "GUEST_4821aabf-378b-4dc5-888e-569c3b94e307.webp",
    "order": 484,
    "id": "img_1745027962240_447"
  },
  {
    "id": "blank_1745027603268_2",
    "filename": "blank_dots3.jpg",
    "description": "Blank 3",
    "order": 485
  },
  {
    "filename": "IMG_2578.AVIF",
    "description": "IMG_2578.AVIF",
    "order": 486,
    "id": "img_1745027962240_466"
  },
  {
    "filename": "IMG_2515.JPG",
    "description": "IMG_2515.JPG",
    "order": 487,
    "id": "img_1745027962240_461"
  },
  {
    "filename": "IMG_2546.WEBP",
    "description": "IMG_2546.WEBP",
    "order": 488,
    "id": "img_1745027962240_469"
  },
  {
    "id": "blank_1745028684958_3",
    "filename": "blank_dots3.jpg",
    "description": "Blank 4",
    "order": 489
  },
  {
    "id": "blank_1745028684958_2",
    "filename": "blank_dots3.jpg",
    "description": "Blank 3",
    "order": 490
  },
  {
    "filename": "s-l1600.webp",
    "description": "s-l1600.webp",
    "order": 491,
    "id": "img_1745027962240_475"
  },
  {
    "filename": "61Aw5+FqNlL._AC_SL1500_.jpg",
    "description": "61Aw5+FqNlL._AC_SL1500_.jpg",
    "order": 492,
    "id": "img_1745027962240_476"
  },
  {
    "filename": "Midea U 12000 BTU Smart Inverter Window AC with MShield Energy Star.jpg",
    "description": "Midea U 12000 BTU Smart Inverter Window AC with MShield, Energy Star.jpg",
    "order": 493,
    "id": "img_1745027962240_474"
  },
  {
    "filename": "goods_462368_sub14_3x4.avif",
    "description": "goods_462368_sub14_3x4.avif",
    "order": 494,
    "id": "img_1745027962240_456"
  },
  {
    "id": "blank_1745169653741_0",
    "filename": "blank_dots3.jpg",
    "description": "Blank 1",
    "order": 495
  },
  {
    "id": "blank_1745169653741_1",
    "filename": "blank_dots3.jpg",
    "description": "Blank 2",
    "order": 496
  },
  {
    "id": "blank_1745156723799_4",
    "filename": "blank_dots3.jpg",
    "description": "Blank 5",
    "order": 497
  },
  {
    "id": "9ef7367f-b4ca-491b-a809-30ce4ad44287",
    "filename": "8213a086-4c6c-419f-a5ea-ac9f66854ef7.webp",
    "description": "Boppy pregnancy support wedge $20.00",
    "order": 498
  },
  {
    "id": "a540fd37-dcfd-492a-b465-77733a8ac48d",
    "filename": "aef4792c-9c74-4ca9-976c-62b908a5fedb.webp",
    "description": "Breast Pumps | SKU: 53750 | UPC: 044677537506 $199.00",
    "order": 499
  },
  {
    "id": "b94bb19d-5a65-4703-843c-3234cd5531d6",
    "filename": "f52944be-669d-4df5-9d98-5c07e27f1d97.avif",
    "description": "Philips Avent Fast Baby Bottle Warmer $10",
    "order": 500
  },
  {
    "id": "f66db0f7-10b8-4a8b-8c0f-55e6348ffa29",
    "filename": "0746f502-c495-4913-99d1-ac0dbb00d52e.jpeg",
    "description": "Philips Avent Premium Baby Bottle Sterilizer with Dryer $99.99",
    "order": 501
  },
  {
    "id": "d23889bd-69d3-441a-9cf3-f1fe3caf735c",
    "filename": "7ff4c8f5-2c84-4a24-9913-86ddb637401a.jpg",
    "description": "DockAtot DELUXE+ DOCK",
    "order": 502
  },
  {
    "id": "0ca1d499-a42c-4392-87ab-9fe15e7e5dad",
    "filename": "32b5485d-496a-48f6-a506-788e0fa02fe7.jpg",
    "description": "Babybay Original $150",
    "order": 503
  },
  {
    "id": "ce2d5bd7-a8ea-42fb-9bb8-a1d9f983dc39",
    "filename": "36f65cde-6549-4759-aeaf-6df2196a604d.jpg",
    "description": "BEABA UP&DOWN BABY BOUNCER IV YELLOW PALM TREE $100",
    "order": 504
  },
  {
    "id": "649e93ad-2fb9-4077-8093-d5fd38f7b672",
    "filename": "db5a4536-2889-49cc-bb9a-805b30ca3382.jpeg",
    "description": "CYBEX Gold | Aton G Swivel | $399.95",
    "order": 505
  },
  {
    "id": "9a2d059c-e0bc-404c-aa3c-b676b4f5a190",
    "filename": "d6ac8a5e-b859-4476-b7fe-88080dbea781.jpg",
    "description": "Emmaljunga Car Seat Adapters NXT90 and NXT60 – NXT Adapters",
    "order": 506
  },
  {
    "id": "57846bf1-ae44-4d8c-85b5-ea8b2021bee5",
    "filename": "64a705bb-c66e-420a-96d6-d74a0301e278.jpeg",
    "description": "Stokke Flexi Bath Bundle White Aqua Tub with Support",
    "order": 507
  },
  {
    "id": "blank_1745168985203_2",
    "filename": "blank_dots3.jpg",
    "description": "Blank 3",
    "order": 508
  },
  {
    "id": "blank_1745168985203_3",
    "filename": "blank_dots3.jpg",
    "description": "Blank 4",
    "order": 509
  },
  {
    "id": "blank_1745168985203_4",
    "filename": "blank_dots3.jpg",
    "description": "Blank 5",
    "order": 510
  },
  {
    "id": "e17fb130-b0b9-44d4-b974-efb02cc27e66",
    "filename": "299c212d-75c7-4b4b-a62e-4d2b5cb2922d.jpg",
    "description": "Franklin Sports NHL Kids Street Hockey Stick Set | $12.96",
    "order": 511
  },
  {
    "id": "240ba80b-673e-4a4a-8ca2-88cb9dd011ee",
    "filename": "fffa8be3-b57c-4763-9c20-82261b700fb9.jpg",
    "description": "ZAGG Pro Keys Detachable Case and Wireless Keyboard for Apple iPad Pro 11\" (Gen 1,2,3,4) | $50.39",
    "order": 512
  },
  {
    "id": "6eabd6d7-14e0-41c4-ae2b-8a44e8931644",
    "filename": "028dc10f-f7a3-4cc9-ab08-d7184977d44b.jpg",
    "description": "Hanes Boys' Socks, Double Tough Cushioned Ankle and No Show, 12-Pair Packs | $6.46",
    "order": 513
  },
  {
    "id": "6ec538f7-472b-419e-9852-80aaad7fbc1c",
    "filename": "c328477d-1efa-4341-afed-516e35c34c2a.jpg",
    "description": "Hanes Boys' Ecosmart Short Sleeve Crew Neck T-Shirt 5-Pack | XS | $7.49",
    "order": 514
  },
  {
    "id": "blank_1745169653741_3",
    "filename": "blank_dots3.jpg",
    "description": "Blank 4",
    "order": 515
  }
]